i,gender,ht
1,1,159.9
2,2,157.5
3,2,158
4,2,154.2
5,1,163.3
6,2,158
7,1,172.3
8,2,162.8
9,1,171.2
10,1,168.6
11,1,170.2
12,2,151.1
13,2,153.1
14,1,153.3
15,1,168.3
16,2,156
17,2,153.3
18,1,169.7
19,1,174.6
20,1,165.5
21,2,150.4
22,1,166.4
23,2,160.2
24,1,167.8
25,2,149
26,1,163.1
27,2,151.7
28,2,150.3
29,2,153.3
30,2,146.9
31,1,163
32,2,164.2
33,1,183
34,1,167.7
35,2,158.9
36,1,168.4
37,2,163.3
38,1,164.9
39,2,167.8
40,1,167.3
41,2,153.2
42,1,159.8
43,2,151.5
44,1,176.4
45,2,159.4
46,2,155.5
47,1,172.2
48,1,169.3
49,2,155.7
50,2,154
51,1,164.3
52,2,158.7
53,1,174.8
54,2,157.8
55,2,152.4
56,2,158
57,1,170
58,2,155.6
59,1,157.8
60,2,158.1
61,2,164.2
62,2,154
63,1,165.7
64,2,162.3
65,1,171.3
66,2,162.8
67,1,162.4
68,2,154.5
69,1,171.1
70,1,176.3
71,2,156.8
72,1,164.4
73,2,150.8
74,2,156.1
75,2,159.7
76,1,170.3
77,1,166.1
78,2,160.6
79,1,166.8
80,2,162.1
81,1,169.4
82,2,155.1
83,1,176.4
84,2,159
85,1,181.4
86,2,162
87,2,160.2
88,1,173.8
89,2,154.8
90,2,160.5
91,2,164.2
92,2,162
93,2,147.2
94,2,165
95,2,160.8
96,2,151.1
97,1,157.6
98,2,149.9
99,1,163
100,2,156.5
101,1,178.6
102,2,152.1
103,2,150.6
104,2,159.3
105,1,174.9
106,2,155.7
107,2,164.7
108,1,164.4
109,2,156.8
110,1,171.4
111,2,150.9
112,1,159.5
113,2,152.9
114,2,152.8
115,1,158.2
116,1,159.6
117,2,152.7
118,1,173.4
119,2,157.7
120,2,151
121,1,178.7
122,2,166.1
123,2,154.2
124,1,169.9
125,1,166.8
126,2,154.5
127,2,159
128,1,172.4
129,2,145.3
130,1,167.6
131,2,148.6
132,2,154.6
133,1,164.4
134,2,160.7
135,1,167.1
136,2,157.3
137,2,155.7
138,2,150
139,1,157.2
140,1,167.1
141,1,159.8
142,2,149.3
143,2,155.9
144,1,176.4
145,2,150.4
146,1,185.4
147,1,161.1
148,2,148.9
149,1,169.4
150,2,155.4
151,1,167.3
152,2,147.9
153,1,168.2
154,2,155.5
155,1,157.8
156,2,149.6
157,1,165.6
158,2,160.4
159,2,161.5
160,2,165.8
161,2,150.4
162,1,170.5
163,1,162.3
164,2,167.9
165,1,162.5
166,2,154.6
167,1,176.4
168,2,161
169,2,160.4
170,1,163.2
171,2,160
172,2,156.8
173,1,168.7
174,2,154.1
175,1,165.9
176,2,156.4
177,1,173.8
178,2,148.7
179,1,162
180,1,175
181,1,164.2
182,2,156.6
183,1,163.9
184,2,145.1
185,1,161.6
186,2,150.9
187,1,155.8
188,2,143.8
189,2,153.1
190,1,180.6
191,2,155.9
192,1,168.2
193,2,157.2
194,2,148.1
195,1,167.5
196,1,166.4
197,2,159.8
198,1,153.5
199,2,164.9
200,1,167.2
201,1,165.7
202,2,157.9
203,1,160.6
204,2,157.1
205,2,149.2
206,2,161.7
207,1,167.1
208,1,162.7
209,2,154.6
210,1,165.9
211,2,151.6
212,1,170.6
213,2,154.5
214,2,160.3
215,1,168.7
216,2,158.8
217,2,150
218,1,158.8
219,2,161.6
220,2,159.4
221,2,145.4
222,1,167.8
223,2,155.4
224,1,171.9
225,2,152.3
226,1,166.3
227,2,157.2
228,1,163.8
229,2,145.8
230,1,171.6
231,2,151.3
232,1,164.6
233,2,149.1
234,1,176.1
235,1,173
236,2,154.2
237,1,174
238,2,160
239,1,156.9
240,2,159.6
241,2,151.8
242,2,107.4
243,1,178.7
244,1,165.6
245,2,148.6
246,1,164.4
247,2,152.2
248,1,168.4
249,2,163.3
250,2,158.2
251,1,174.1
252,1,171.4
253,1,170.1
254,2,156.1
255,1,172.8
256,2,158.4
257,1,166.3
258,2,151.2
259,1,174.1
260,1,176.1
261,1,171.3
262,1,171.7
263,1,172.5
264,2,152.8
265,1,169.1
266,2,165.3
267,2,161
268,1,167.8
269,2,158.2
270,1,170.2
271,2,160.1
272,1,162.3
273,2,159.2
274,1,169.5
275,2,159.5
276,1,173.2
277,1,173.5
278,2,166.5
279,1,170.5
280,2,159.1
281,1,168.4
282,2,157
283,1,170.2
284,1,167.8
285,2,163.9
286,2,170.1
287,2,166.2
288,1,163.2
289,2,157.9
290,1,170.5
291,2,158.8
292,1,164.1
293,2,157.1
294,1,180.7
295,2,165.8
296,1,169.8
297,2,160.6
298,1,173
299,2,163.5
300,1,171.2
301,2,157
302,1,180.1
303,1,167.8
304,2,151.3
305,2,159.8
306,1,165.2
307,2,165.4
308,1,179
309,2,155.1
310,1,156.2
311,2,145.6
312,1,173.8
313,1,157.4
314,2,154.8
315,1,164.5
316,1,175.5
317,2,165.1
318,1,161.8
319,2,155.2
320,1,172
321,2,165.4
322,1,178.5
323,1,170.1
324,2,156.2
325,1,171.8
326,1,158.4
327,2,152.7
328,1,166.2
329,2,152.2
330,1,169.7
331,2,158.7
332,1,174.2
333,2,162.1
334,1,168.3
335,2,160.2
336,1,178.4
337,2,159.1
338,1,182.4
339,2,164.5
340,1,173.3
341,2,159.4
342,1,172.4
343,2,157
344,1,169.1
345,2,170.1
346,1,176.6
347,2,158
348,1,169
349,2,151.7
350,2,160.1
351,2,152
352,2,150.5
353,1,160.1
354,2,168.3
355,1,160.3
356,2,166.6
357,1,168.3
358,2,158
359,2,164.7
360,1,166.9
361,2,150.1
362,2,161.3
363,2,155.7
364,1,172.6
365,1,174.6
366,1,165.1
367,2,158.2
368,2,162
369,1,168.2
370,2,160.4
371,1,180.9
372,2,153.7
373,1,167.5
374,2,160.3
375,1,174.6
376,1,171.3
377,1,167.1
378,2,163.1
379,1,173.5
380,2,154.7
381,1,165.2
382,1,168.4
383,2,155.6
384,1,165.2
385,2,153.8
386,2,159.4
387,1,173.2
388,1,180.1
389,2,159.4
390,1,183.3
391,2,165.2
392,1,161
393,2,165.9
394,2,148.9
395,1,171.7
396,1,172.1
397,2,179.3
398,1,169.4
399,2,166.6
400,2,161.1
401,1,174.9
402,2,154
403,1,167.1
404,2,160.4
405,1,157.8
406,1,178
407,1,179.1
408,2,150.9
409,1,168.1
410,2,148.4
411,1,169.1
412,2,152.7
413,2,164.3
414,2,156.4
415,2,146.2
416,1,176.3
417,2,157.8
418,2,148
419,2,153.4
420,1,175
421,2,153.4
422,1,170.5
423,1,160.4
424,2,157.6
425,1,172.5
426,2,159.7
427,2,151.9
428,1,178.5
429,2,153
430,1,171.1
431,2,158.6
432,1,180.6
433,2,158.1
434,1,167.8
435,1,159.6
436,2,149.2
437,1,153.3
438,2,153.6
439,1,170.3
440,2,153.1
441,2,153.3
442,1,173.4
443,2,155.8
444,1,170.3
445,2,156.3
446,2,161
447,1,176.2
448,2,161
449,1,173.4
450,2,165.7
451,1,179.4
452,2,164.5
453,2,160
454,1,178.4
455,1,174.4
456,1,161.3
457,2,154.4
458,2,162.8
459,2,167.9
460,1,166.3
461,2,156.4
462,2,166.7
463,2,150.7
464,2,152
465,1,169.4
466,2,155.2
467,1,165.6
468,2,165.1
469,1,165.6
470,2,157.6
471,1,168.9
472,1,155.4
473,1,169.1
474,2,164.8
475,2,143.8
476,2,160.6
477,1,169.4
478,2,152.4
479,1,168.5
480,2,158.8
481,2,149.3
482,2,152.1
483,1,180.3
484,1,178.4
485,2,158.2
486,1,163.3
487,1,172.3
488,1,176.3
489,2,161
490,1,173.6
491,1,163
492,1,166.3
493,2,160.9
494,2,159.3
495,1,175.4
496,1,168
497,2,157.5
498,2,149
499,2,149.3
500,2,157.5
501,1,178.3
502,1,165
503,2,150.8
504,1,171.4
505,2,160.3
506,2,151
507,1,178.8
508,2,149.9
509,1,174.8
510,1,177.5
511,1,164.9
512,2,156.3
513,1,160.4
514,1,158.4
515,1,165.3
516,2,146
517,1,174.4
518,2,162.7
519,1,173
520,2,152.6
521,2,150.9
522,2,155.3
523,1,175.1
524,2,163.4
525,1,171.5
526,2,164.5
527,1,169.3
528,2,150
529,1,168
530,2,161.3
531,2,162.6
532,1,171.1
533,2,160.5
534,1,172.4
535,2,159.8
536,1,168.1
537,2,155.8
538,1,170.7
539,2,157.8
540,1,161.7
541,2,153.2
542,1,164
543,2,153.5
544,1,168.5
545,1,169.5
546,2,157.9
547,2,162.3
548,1,169
549,2,165.3
550,1,172.8
551,1,170
552,2,165.4
553,1,179.3
554,1,190.3
555,1,172.6
556,2,162.6
557,2,153.1
558,1,168
559,2,157.1
560,1,171.4
561,2,164.1
562,2,172.8
563,1,181
564,1,172.8
565,2,162.7
566,1,178.8
567,2,158.3
568,1,169.7
569,2,165.7
570,2,152.3
571,1,174.7
572,2,156.2
573,1,167.4
574,2,160.3
575,2,148.1
576,1,174.8
577,1,178.1
578,2,157.6
579,1,179.1
580,2,162.8
581,1,168.3
582,2,156.4
583,1,175.3
584,1,175.4
585,2,162.2
586,2,153.4
587,2,157
588,1,171
589,2,158.8
590,1,171.9
591,2,159.5
592,1,169.7
593,2,160.1
594,2,156.1
595,1,180.1
596,2,171.8
597,1,168.7
598,2,152.9
599,1,176.7
600,2,160.2
601,1,174
602,2,160.2
603,1,165
604,2,156
605,2,155.5
606,2,162
607,1,174.3
608,2,160.3
609,1,168.2
610,2,157.2
611,1,174
612,2,153
613,1,166.2
614,2,158.1
615,2,162.5
616,1,163.4
617,2,156
618,1,168.2
619,2,165.6
620,1,171.4
621,2,155.8
622,1,168.5
623,2,158.7
624,1,157.3
625,2,152.2
626,1,173.8
627,1,170.4
628,1,174.5
629,2,162
630,1,168.7
631,2,165.2
632,1,172.5
633,2,149.6
634,1,178.3
635,1,168.2
636,2,153.7
637,1,168.6
638,2,155.7
639,1,170.5
640,2,161.3
641,2,162.3
642,1,168.9
643,2,158
644,1,167.6
645,2,159
646,2,155.3
647,2,165.1
648,1,167
649,2,154.7
650,1,170.9
651,2,156.3
652,1,170.8
653,2,156.3
654,2,163
655,1,172.2
656,1,166.9
657,2,153.9
658,1,172.1
659,2,159
660,1,183.5
661,2,164.5
662,1,172.8
663,2,165
664,1,169.5
665,2,165.7
666,1,162.1
667,2,163.8
668,1,169.3
669,2,159.3
670,1,176.5
671,1,168.1
672,2,150.6
673,2,172.1
674,1,165.1
675,2,157.3
676,1,173.9
677,2,164.3
678,1,175.2
679,2,158.6
680,2,163
681,1,168.4
682,2,163.8
683,1,177
684,2,153.3
685,1,172.5
686,2,155.6
687,1,172.1
688,2,153.7
689,1,171.2
690,2,148.1
691,2,158
692,1,165.5
693,1,174.3
694,2,162.7
695,1,175.1
696,1,175.1
697,2,157.5
698,2,157.4
699,1,170.5
700,2,156.3
701,2,157.3
702,1,181.2
703,2,159
704,2,165.8
705,2,163
706,1,177
707,2,168.3
708,2,146.8
709,2,161.3
710,1,174.9
711,2,159.6
712,1,171.2
713,2,158.2
714,2,154.5
715,1,173
716,2,159.6
717,2,158.1
718,1,176.8
719,2,166.5
720,2,152.9
721,1,175.3
722,2,154.2
723,1,172.7
724,2,150.6
725,1,168.1
726,2,156.8
727,2,161.5
728,1,163.7
729,2,155
730,1,163.2
731,2,150.9
732,1,169.1
733,2,164.1
734,1,169.1
735,2,152.4
736,1,179.6
737,2,160.9
738,1,172.8
739,2,155.4
740,1,163.2
741,2,150.7
742,1,161.4
743,2,155.5
744,2,155.7
745,1,170.5
746,2,156.4
747,1,166.8
748,2,155.2
749,1,172
750,2,164.2
751,1,171
752,2,159.8
753,1,161.4
754,2,147.1
755,1,165.8
756,2,163.1
757,1,163.7
758,2,149.7
759,1,157.6
760,2,151.7
761,2,147.5
762,2,161.9
763,1,173.1
764,2,171.1
765,1,171.3
766,2,166.9
767,1,162.9
768,2,158.7
769,2,153
770,1,177.9
771,2,159
772,2,160.9
773,1,166.8
774,2,158.2
775,2,161
776,1,172.4
777,2,164.5
778,1,174.5
779,2,165.6
780,1,168.9
781,2,161.4
782,1,172
783,2,159
784,1,161.8
785,2,160
786,1,160.4
787,2,153.8
788,1,161.9
789,2,160.9
790,1,174.8
791,2,164.3
792,1,172.1
793,2,163.1
794,1,165.8
795,2,157.9
796,2,162.9
797,2,151.8
798,2,154.2
799,1,167.4
800,2,158.3
801,1,174.4
802,2,156.9
803,2,151.8
804,2,159.8
805,1,165.2
806,2,160.3
807,1,173.8
808,2,162.8
809,1,164.8
810,2,156.9
811,1,164.5
812,2,156.9
813,2,166.4
814,2,148.1
815,1,170.5
816,2,169.5
817,1,157.4
818,2,151.7
819,2,153.9
820,1,167.6
821,2,154.3
822,2,169.1
823,1,169.1
824,2,152.1
825,2,157.8
826,1,163.4
827,2,159.3
828,1,177.3
829,2,157.5
830,1,176.3
831,2,150.9
832,1,168.2
833,2,163
834,2,157.7
835,1,176.1
836,2,163.6
837,1,165.2
838,2,155.4
839,1,159.1
840,2,159
841,1,161.8
842,2,153.7
843,1,175.3
844,2,167.6
845,1,167.9
846,2,158.9
847,2,166.7
848,1,173.3
849,2,161
850,1,171.6
851,2,159.3
852,1,162.4
853,2,159.9
854,2,149.8
855,1,175.2
856,2,158.5
857,1,158.1
858,2,164.2
859,1,175.6
860,2,165.3
861,2,160.2
862,2,160.4
863,2,156.9
864,1,172.3
865,2,156.6
866,1,172.1
867,2,162.1
868,2,159.2
869,1,175.6
870,2,159.8
871,2,155.4
872,2,155.1
873,1,172.6
874,2,164.6
875,1,161.8
876,2,156.2
877,1,167.7
878,2,158.8
879,1,167.5
880,1,160.4
881,1,165.4
882,2,155.3
883,2,164.7
884,1,173
885,1,157.3
886,2,158.1
887,1,176
888,2,165.1
889,1,170
890,2,161.8
891,2,149.6
892,1,180.2
893,1,169.4
894,2,157.4
895,2,164
896,2,161.5
897,1,174.5
898,2,155.9
899,2,158.6
900,1,157.9
901,2,161.3
902,2,158.5
903,1,168
904,2,159.5
905,1,173.4
906,2,154.4
907,1,175.3
908,2,167.9
909,2,160.1
910,2,159
911,1,170.2
912,2,154.2
913,2,149.2
914,1,176.1
915,2,159.8
916,2,164.1
917,1,184
918,1,164.4
919,2,161.1
920,1,173.4
921,2,162
922,1,171.1
923,2,156.5
924,1,173.4
925,2,166.3
926,2,149.6
927,1,177.1
928,2,157
929,1,170
930,2,158.1
931,1,170.2
932,2,157.2
933,1,177.3
934,2,162.3
935,1,173
936,2,162.1
937,1,160.4
938,2,156.1
939,1,168.2
940,2,159.1
941,2,154.1
942,1,171.9
943,2,153.1
944,2,163
945,1,169.3
946,2,157.7
947,2,152.5
948,2,153.4
949,1,173.5
950,2,148.2
951,2,161
952,1,178
953,2,165
954,1,180
955,2,161.1
956,1,164
957,2,154.5
958,1,169
959,2,155.4
960,2,157.2
961,2,168.2
962,2,163.2
963,2,160.2
964,2,153.5
965,1,170.3
966,2,148.2
967,2,161.3
968,1,169.7
969,2,156.5
970,1,166.2
971,2,170
972,2,162
973,2,160
974,2,150.3
975,1,169.5
976,2,157.8
977,1,172.3
978,2,162.2
979,2,158.8
980,1,170.8
981,2,161.2
982,2,149.1
983,2,163.9
984,1,161.1
985,1,172.4
986,2,159.4
987,1,174.5
988,1,168.2
989,2,153.4
990,2,164.5
991,2,166.2
992,1,172.1
993,1,181.2
994,2,157.7
995,1,163.9
996,2,160.1
997,1,175.3
998,2,153.8
999,1,168
1000,2,147.5
1001,1,166.1
1002,1,168.1
1003,1,165.8
1004,2,160
1005,1,176.2
1006,2,160.2
1007,2,159.4
1008,1,165.1
1009,2,157.6
1010,2,157.7
1011,2,157.4
1012,1,167.1
1013,2,158.2
1014,1,170.1
1015,1,181.4
1016,2,155.3
1017,1,174.2
1018,2,154.9
1019,1,172
1020,2,159.3
1021,1,166.2
1022,2,148.7
1023,1,175.1
1024,2,155.4
1025,1,160.3
1026,2,163
1027,1,181.9
1028,2,153.7
1029,1,181.4
1030,1,168
1031,2,160.1
1032,1,168.2
1033,2,155.6
1034,2,163.2
1035,1,172.8
1036,1,172.5
1037,1,177.6
1038,2,156.2
1039,1,164.8
1040,2,158.1
1041,1,165.3
1042,2,161.4
1043,1,173
1044,2,152.3
1045,1,166.5
1046,1,173.3
1047,2,164.8
1048,2,158.3
1049,1,167.8
1050,2,159.9
1051,1,165.8
1052,2,154.5
1053,1,169
1054,2,160
1055,1,173
1056,1,176.5
1057,2,169.3
1058,1,173
1059,2,160
1060,1,173.9
1061,2,169.3
1062,1,174.5
1063,1,172.8
1064,2,165.5
1065,1,175
1066,2,161.2
1067,1,174
1068,2,155.3
1069,1,169.5
1070,2,148.4
1071,2,162.4
1072,1,178.2
1073,2,156.4
1074,1,182.5
1075,1,172.6
1076,2,152.5
1077,2,159.8
1078,1,167.6
1079,2,149.3
1080,1,173.7
1081,2,161.8
1082,1,167.5
1083,2,145.5
1084,1,170.4
1085,2,154.5
1086,1,171.1
1087,2,153.4
1088,1,169.7
1089,2,159.3
1090,1,167.3
1091,2,156.3
1092,1,163.2
1093,2,159.6
1094,1,173.8
1095,2,166.3
1096,1,162.9
1097,1,172.5
1098,2,153.4
1099,1,164.6
1100,1,157.1
1101,2,157
1102,1,163.2
1103,2,152.7
1104,2,153.1
1105,2,148.3
1106,2,158.4
1107,1,169.1
1108,2,158
1109,1,171.9
1110,2,157.2
1111,1,161.6
1112,2,166.1
1113,1,168.3
1114,2,152.5
1115,1,170.6
1116,2,151.9
1117,1,168.5
1118,2,145.9
1119,1,165.8
1120,2,148.5
1121,1,158.1
1122,2,151.9
1123,1,165
1124,2,158.6
1125,2,157.5
1126,1,170.2
1127,1,162.5
1128,2,164.5
1129,2,148
1130,1,166.8
1131,2,154.3
1132,1,161.5
1133,2,153.9
1134,1,164.4
1135,2,149.2
1136,2,149
1137,1,162.5
1138,1,170.7
1139,1,170.7
1140,2,161.7
1141,1,168.4
1142,2,154.6
1143,1,163.3
1144,2,149.8
1145,2,150.7
1146,1,163.7
1147,2,167.2
1148,2,155
1149,1,164.9
1150,2,148.6
1151,1,165.8
1152,2,155
1153,2,157.8
1154,1,166.3
1155,2,159.6
1156,1,170.4
1157,2,159.3
1158,1,170
1159,2,165.6
1160,1,172.4
1161,2,147.7
1162,1,162.2
1163,2,146.5
1164,2,166.7
1165,2,163.2
1166,1,170.6
1167,2,161.9
1168,2,160.2
1169,1,174.5
1170,2,165.1
1171,1,166.2
1172,2,166.3
1173,1,170.7
1174,2,143.6
1175,1,168.1
1176,2,154.2
1177,1,161.5
1178,2,163.7
1179,2,159.4
1180,2,155.2
1181,1,159
1182,1,172.1
1183,2,157.8
1184,1,170.3
1185,2,150.1
1186,1,172.9
1187,2,152.8
1188,1,156.5
1189,2,153.9
1190,1,165
1191,1,169.6
1192,2,159.8
1193,1,168.5
1194,2,153.5
1195,1,162.3
1196,2,143.3
1197,1,166.2
1198,2,155.7
1199,1,177.3
1200,1,174.1
1201,2,160.1
1202,1,164.1
1203,2,146.3
1204,1,167.9
1205,2,161.2
1206,1,173.3
1207,2,158.6
1208,1,175.6
1209,2,156.4
1210,2,149.4
1211,2,152.5
1212,1,173.4
1213,2,159.3
1214,1,173.6
1215,2,160.2
1216,1,174.6
1217,2,161.5
1218,2,147.7
1219,2,157.5
1220,1,173.5
1221,1,165.1
1222,1,168.5
1223,2,151
1224,2,147.6
1225,1,162.6
1226,2,153
1227,1,172.5
1228,2,152.2
1229,1,171.3
1230,1,159
1231,2,154.1
1232,1,170.1
1233,2,153.4
1234,1,169
1235,2,159.8
1236,1,167.8
1237,1,164.7
1238,2,147.2
1239,2,157.3
1240,2,157.8
1241,2,150.1
1242,1,175.1
1243,1,170.8
1244,2,150.1
1245,1,171
1246,2,157.8
1247,1,172.3
1248,2,162.7
1249,1,167.1
1250,2,157.5
1251,1,166.1
1252,1,171.1
1253,2,168.8
1254,2,148.9
1255,1,163.1
1256,1,164.3
1257,2,150.9
1258,1,159.8
1259,1,170.1
1260,2,157.2
1261,1,174.8
1262,2,165.9
1263,1,169.4
1264,2,159.1
1265,1,173.4
1266,2,158
1267,1,173.2
1268,2,154.7
1269,1,168.1
1270,2,153.6
1271,1,168
1272,2,159.3
1273,2,153.1
1274,1,164.1
1275,1,172.7
1276,2,155
1277,1,169.8
1278,2,157.6
1279,1,173.4
1280,2,160.2
1281,1,177.5
1282,2,149.5
1283,1,168.8
1284,2,142.2
1285,1,169.4
1286,2,157.5
1287,1,167.4
1288,1,168.9
1289,1,170
1290,2,156
1291,1,175.5
1292,2,160
1293,1,165.6
1294,2,151.8
1295,2,153.7
1296,2,156.6
1297,1,166.4
1298,2,162.7
1299,2,149.5
1300,1,167.5
1301,2,147.3
1302,1,170.8
1303,1,168.9
1304,1,165
1305,2,152.6
1306,2,163.1
1307,1,173
1308,1,170.7
1309,2,144.7
1310,1,174.9
1311,2,161.2
1312,2,150.1
1313,1,161.1
1314,2,154.2
1315,1,165.2
1316,1,165.7
1317,2,148.1
1318,1,158.4
1319,2,159.8
1320,2,160.7
1321,1,170.3
1322,2,157.8
1323,1,165.5
1324,2,159.3
1325,2,161.3
1326,2,152
1327,1,172.3
1328,1,166.7
1329,2,158.7
1330,1,168.7
1331,2,157.7
1332,2,154.5
1333,2,158.3
1334,1,167.8
1335,2,153.2
1336,1,149.1
1337,2,158.1
1338,1,161.4
1339,2,146.3
1340,1,166.3
1341,1,157.4
1342,2,155.6
1343,1,151.2
1344,2,153.8
1345,1,159.8
1346,2,146.5
1347,1,164.7
1348,2,140.3
1349,2,157.7
1350,1,172
1351,2,154.6
1352,2,152.8
1353,1,158.3
1354,2,153.1
1355,1,154.5
1356,2,153.1
1357,1,168
1358,2,154.6
1359,1,170.9
1360,2,146.7
1361,1,165.5
1362,2,150.7
1363,2,148.1
1364,1,162.6
1365,2,163.6
1366,1,166.1
1367,2,162.8
1368,1,159.7
1369,1,162.4
1370,1,167.3
1371,2,156.5
1372,1,176.4
1373,2,155.8
1374,1,170.8
1375,1,172
1376,2,156.1
1377,1,165.1
1378,1,174
1379,2,163.6
1380,1,159.6
1381,2,161.1
1382,1,171.3
1383,2,155.2
1384,1,169
1385,2,160.9
1386,2,164.7
1387,1,165.1
1388,2,155.8
1389,1,170.1
1390,2,156.1
1391,1,171.2
1392,2,154.5
1393,1,170.4
1394,2,158.4
1395,1,169
1396,2,164
1397,1,169.4
1398,2,153.6
1399,2,159.6
1400,1,166.8
1401,2,163.4
1402,1,168.7
1403,2,156.9
1404,1,168.5
1405,1,172.7
1406,2,160
1407,2,159
1408,1,175
1409,2,160.1
1410,1,173.7
1411,2,155.4
1412,2,155.9
1413,1,174.3
1414,1,170
1415,2,152.5
1416,1,170.7
1417,1,174.5
1418,1,175.7
1419,2,155.8
1420,1,172.2
1421,2,151.5
1422,1,162.4
1423,2,150.9
1424,2,151.5
1425,1,168.4
1426,2,158.8
1427,1,171.7
1428,1,161.5
1429,2,168.2
1430,1,173.7
1431,2,168.8
1432,1,160.1
1433,2,162.5
1434,1,176.6
1435,1,171.4
1436,1,168.3
1437,1,163.1
1438,1,166.8
1439,2,157.4
1440,1,181.5
1441,2,160.9
1442,1,169
1443,2,157
1444,1,180
1445,2,162.2
1446,1,171.6
1447,1,175.5
1448,2,153.2
1449,1,170.1
1450,2,167.8
1451,2,157.1
1452,1,162.9
1453,2,168.7
1454,1,173.8
1455,2,162.4
1456,1,171
1457,2,156.7
1458,1,165.4
1459,2,152.3
1460,1,171.8
1461,2,154.6
1462,1,166.8
1463,2,164.1
1464,1,169.1
1465,2,155.9
1466,1,176.2
1467,1,166.4
1468,2,152.1
1469,1,167.3
1470,2,165.6
1471,1,175.7
1472,2,162.4
1473,2,153.8
1474,2,155.4
1475,1,173.2
1476,1,153.6
1477,2,151.6
1478,1,173.6
1479,1,176.8
1480,2,154.2
1481,1,174.4
1482,2,167.2
1483,1,174.3
1484,2,159.1
1485,1,162.3
1486,2,156.4
1487,1,170.4
1488,1,173.8
1489,2,154.9
1490,2,152.9
1491,1,161.3
1492,2,145.6
1493,1,175
1494,2,154.5
1495,1,162.1
1496,2,154.2
1497,1,167.8
1498,2,154.8
1499,1,177.4
1500,2,149.1
1501,1,168.3
1502,2,156.6
1503,2,158.4
1504,2,150.2
1505,1,172.4
1506,1,171.1
1507,2,159.1
1508,2,152.3
1509,1,178.1
1510,2,169.7
1511,2,160.2
1512,2,168.3
1513,1,168.5
1514,2,160.7
1515,1,170.5
1516,2,152.4
1517,1,160.9
1518,2,153
1519,1,156.8
1520,2,154.9
1521,1,168.2
1522,2,157.5
1523,2,149.1
1524,2,161.2
1525,1,176.4
1526,2,158.5
1527,2,156.6
1528,2,160.1
1529,1,170.1
1530,2,149.8
1531,1,170.8
1532,2,154.1
1533,1,166
1534,2,157.7
1535,2,153.9
1536,1,163.6
1537,2,160.4
1538,2,156.6
1539,2,165
1540,2,155.7
1541,1,171.2
1542,2,164.7
1543,1,156.8
1544,1,174.2
1545,2,146.8
1546,1,165
1547,2,163.8
1548,1,173.7
1549,2,158.9
1550,2,159.7
1551,1,172.4
1552,2,159.2
1553,1,164.1
1554,2,159
1555,2,164.1
1556,1,173.1
1557,1,168.1
1558,2,152.8
1559,1,169.1
1560,2,168.2
1561,1,169.7
1562,2,150.3
1563,2,165.1
1564,1,168.1
1565,2,155.2
1566,1,160.5
1567,2,155.9
1568,1,172
1569,2,154
1570,1,173.5
1571,1,168.7
1572,2,171.3
1573,1,168.4
1574,2,153.5
1575,1,169.1
1576,2,165.2
1577,1,164.5
1578,2,154.4
1579,1,161.2
1580,2,155.2
1581,2,164.6
1582,1,163.9
1583,2,161.1
1584,1,174.2
1585,2,157.4
1586,1,167.8
1587,2,151
1588,2,155.7
1589,2,160.3
1590,1,180.6
1591,2,164.7
1592,2,167.7
1593,1,164.8
1594,2,153.7
1595,1,173.1
1596,2,170
1597,1,167.8
1598,2,160.5
1599,1,166.7
1600,2,149.2
1601,1,173.7
1602,2,157.5
1603,1,161.4
1604,2,153
1605,1,165.9
1606,2,150.5
1607,1,173.2
1608,2,160.7
1609,1,182.7
1610,1,175.4
1611,2,155.8
1612,1,169.9
1613,2,161.8
1614,1,179
1615,2,152.3
1616,2,166.6
1617,1,170.8
1618,2,160.7
1619,1,173
1620,2,163.3
1621,1,179.1
1622,2,154.4
1623,1,170
1624,2,151.7
1625,1,172.5
1626,2,163.4
1627,1,172.8
1628,2,165
1629,1,178
1630,1,172.9
1631,2,161.4
1632,1,181.4
1633,2,160.7
1634,1,183.3
1635,1,168.1
1636,2,154.7
1637,1,158.6
1638,2,160.5
1639,1,173.1
1640,2,159.3
1641,1,171.9
1642,2,155.6
1643,1,183.9
1644,2,160.1
1645,1,168.5
1646,2,163
1647,1,171.7
1648,2,156.6
1649,1,169.8
1650,2,159.1
1651,1,167.2
1652,2,160.3
1653,1,173.5
1654,2,159.5
1655,1,171.8
1656,2,156.3
1657,1,174.9
1658,2,162.4
1659,2,152.3
1660,1,168.2
1661,2,167.5
1662,1,166.7
1663,2,150.1
1664,1,166.1
1665,2,150
1666,1,168.9
1667,2,154.7
1668,1,165.6
1669,2,169
1670,2,147.4
1671,2,156.1
1672,2,156
1673,1,178.3
1674,2,163.6
1675,2,154.8
1676,2,166.3
1677,1,175.5
1678,1,170.1
1679,2,158.3
1680,1,177.7
1681,2,159.6
1682,1,178.4
1683,2,161.8
1684,1,169.7
1685,2,155.1
1686,1,177
1687,2,159.9
1688,2,153
1689,1,168.9
1690,2,154.7
1691,2,152.8
1692,2,161.5
1693,1,168.3
1694,2,155.9
1695,2,162.5
1696,2,156.2
1697,1,172.3
1698,2,158.8
1699,1,176.5
1700,2,157.5
1701,2,163.4
1702,1,173
1703,2,153
1704,1,174
1705,1,176
1706,2,161.9
1707,1,157.3
1708,2,147.6
1709,2,161.5
1710,2,142.6
1711,2,155.9
1712,2,151.5
1713,2,160.1
1714,1,164.1
1715,2,155.7
1716,1,173.6
1717,2,154.7
1718,1,167.7
1719,2,147.9
1720,2,159.1
1721,2,156.7
1722,2,155.6
1723,1,153.5
1724,2,150.1
1725,1,167.7
1726,2,159.9
1727,1,165.6
1728,2,152.7
1729,1,159.1
1730,2,156.5
1731,1,170.8
1732,2,154.2
1733,1,161
1734,2,154.9
1735,1,164.5
1736,2,159.3
1737,1,167.9
1738,1,164.8
1739,2,154.5
1740,1,165.8
1741,2,150.5
1742,1,169.6
1743,2,162.2
1744,2,164.4
1745,2,153.8
1746,1,161.1
1747,2,153.4
1748,2,161.8
1749,1,166.4
1750,2,151.5
1751,1,173.3
1752,2,159.6
1753,2,148.6
1754,1,165
1755,2,157.3
1756,2,161.6
1757,2,158.7
1758,1,162.9
1759,2,147.8
1760,2,148.2
1761,1,169.1
1762,2,152.1
1763,1,165.5
1764,1,163.7
1765,2,155
1766,2,156.7
1767,1,176
1768,2,154.2
1769,1,172.4
1770,2,157.6
1771,1,169.3
1772,2,157.5
1773,2,154.8
1774,2,162
1775,1,158.6
1776,2,152.8
1777,1,180.1
1778,1,169.4
1779,2,151.1
1780,1,169.8
1781,1,166.8
1782,2,158.3
1783,1,166.8
1784,2,150.8
1785,1,164.5
1786,2,148.1
1787,2,154.4
1788,2,149.6
1789,1,168.3
1790,2,163.3
1791,2,153.1
1792,1,167.2
1793,2,161.3
1794,1,177.7
1795,2,156.1
1796,1,179.2
1797,2,167.5
1798,1,167.2
1799,2,154.6
1800,2,163.2
1801,2,158.2
1802,2,154.5
1803,1,165.8
1804,1,164.8
1805,2,154.7
1806,1,167.4
1807,2,148.1
1808,1,171.7
1809,1,173.6
1810,2,160.9
1811,2,144.5
1812,1,169.1
1813,2,147.8
1814,1,167.3
1815,2,158.2
1816,2,157.5
1817,2,149.2
1818,1,160.5
1819,2,157.1
1820,1,168.1
1821,2,154.3
1822,1,165.5
1823,2,155.8
1824,2,156.5
1825,1,176.7
1826,2,157.5
1827,1,164.1
1828,2,154.5
1829,1,173.5
1830,1,166
1831,1,168.2
1832,2,149.2
1833,1,175.2
1834,2,161.2
1835,2,158.4
1836,2,149.5
1837,1,166.4
1838,1,180.1
1839,2,156.8
1840,2,152.5
1841,1,178.5
1842,1,155.6
1843,2,147.2
1844,2,136.5
1845,1,173
1846,2,154.2
1847,1,171.2
1848,2,166
1849,2,167.4
1850,1,165.5
1851,2,159.2
1852,1,160.6
1853,2,154.1
1854,2,152
1855,1,160.4
1856,2,161.6
1857,1,166.1
1858,2,165
1859,2,165.4
1860,1,177.3
1861,2,169.5
1862,2,155.5
1863,1,177.9
1864,2,161.7
1865,1,163.1
1866,2,162.9
1867,1,173.2
1868,2,167.1
1869,1,168.9
1870,2,158.6
1871,1,169.3
1872,1,180.7
1873,2,161.2
1874,2,156
1875,1,168.4
1876,2,155.7
1877,2,160.5
1878,2,165.3
1879,1,176.7
1880,1,171.1
1881,2,160.5
1882,1,168.9
1883,2,162.3
1884,1,168.3
1885,2,151.2
1886,1,167.2
1887,1,173.2
1888,2,157.6
1889,1,167.5
1890,2,153.1
1891,2,160.2
1892,2,162.8
1893,1,162.4
1894,2,153.6
1895,1,170.4
1896,2,161
1897,2,152.5
1898,2,146.1
1899,2,156
1900,2,148.7
1901,1,154.7
1902,1,172.3
1903,2,161
1904,2,153.8
1905,1,172.1
1906,2,154.4
1907,2,162.4
1908,2,167.3
1909,2,156.9
1910,2,160.6
1911,2,153.4
1912,1,162.3
1913,2,153
1914,2,163
1915,2,160
1916,1,168.1
1917,2,156.4
1918,2,158.1
1919,1,177.4
1920,2,145.9
1921,1,168.3
1922,2,150.6
1923,2,160.1
1924,2,159.8
1925,1,169.2
1926,2,154
1927,1,158.7
1928,2,154.8
1929,1,169.2
1930,2,163.3
1931,1,180.2
1932,2,159.2
1933,1,166.6
1934,2,153.7
1935,1,175.8
1936,2,162.7
1937,2,151.1
1938,1,172.9
1939,2,160.7
1940,2,151.2
1941,1,172.8
1942,2,151.8
1943,1,178.1
1944,2,154.3
1945,1,161.6
1946,2,163.2
1947,2,153.4
1948,1,162.3
1949,2,159.2
1950,2,151.2
1951,2,166.3
1952,1,161.1
1953,2,157.7
1954,1,168.2
1955,2,146.5
1956,2,150.8
1957,1,161.7
1958,2,156
1959,1,172.2
1960,2,148.5
1961,1,177
1962,2,157.8
1963,1,170.9
1964,1,172.1
1965,2,146.2
1966,1,164.1
1967,2,149.2
1968,1,162.4
1969,2,155.5
1970,1,165.7
1971,2,153
1972,1,162.3
1973,2,149.7
1974,1,169.8
1975,2,157
1976,1,173.3
1977,2,154.9
1978,1,160.2
1979,2,147.9
1980,1,156.4
1981,2,154.4
1982,1,170
1983,2,153.9
1984,1,168.6
1985,2,159.2
1986,1,167.9
1987,2,154.5
1988,1,174.3
1989,1,170.2
1990,2,156.5
1991,1,188
1992,2,163.9
1993,2,157
1994,1,156.5
1995,2,157.2
1996,2,159.4
1997,1,172.4
1998,2,152.7
1999,1,171.8
2000,2,154.1
2001,2,145.4
2002,1,158.5
2003,1,164.6
2004,1,167.1
2005,2,152.1
2006,2,145.1
2007,2,133.7
2008,2,153.9
2009,1,176.6
2010,1,161.5
2011,2,152.1
2012,1,164.5
2013,2,148.5
2014,2,152.2
2015,2,147.8
2016,2,153
2017,1,165.7
2018,2,150
2019,1,172.1
2020,2,162.8
2021,1,178.8
2022,1,167.5
2023,2,155
2024,1,158
2025,2,163.6
2026,2,146.6
2027,1,175
2028,2,154
2029,1,171.8
2030,1,156.1
2031,2,151.3
2032,1,168.4
2033,2,155.8
2034,2,153.7
2035,1,166.7
2036,2,146.5
2037,1,162
2038,2,163.2
2039,1,160.4
2040,2,152.3
2041,1,162.5
2042,2,153.3
2043,1,168.2
2044,2,149.9
2045,1,171.4
2046,2,150.8
2047,1,166
2048,2,150.4
2049,1,158.4
2050,2,161.9
2051,1,170.5
2052,2,156.2
2053,2,170
2054,2,152.2
2055,1,170.2
2056,2,161.5
2057,1,170
2058,2,159.8
2059,1,169.5
2060,2,158.9
2061,1,176.9
2062,1,163
2063,2,158.6
2064,2,152.2
2065,2,163.3
2066,1,170.1
2067,2,153.2
2068,2,158.6
2069,1,167.7
2070,2,159.8
2071,1,165.9
2072,2,152.9
2073,1,167
2074,2,154.2
2075,1,180.2
2076,2,162.5
2077,1,163.2
2078,2,161.2
2079,1,180.2
2080,2,165
2081,2,155.2
2082,1,159.6
2083,2,160.9
2084,1,172
2085,2,151.7
2086,1,170.5
2087,2,159.9
2088,1,174.2
2089,2,162.8
2090,1,166.9
2091,2,158.9
2092,1,159.7
2093,2,152.8
2094,1,170.3
2095,2,165.3
2096,1,177.1
2097,1,166.1
2098,2,155.2
2099,2,150.1
2100,1,168.2
2101,2,162.3
2102,1,172.8
2103,2,158.3
2104,1,176.5
2105,2,154.5
2106,1,166.2
2107,2,158.2
2108,1,153.7
2109,2,158.4
2110,1,175
2111,2,158
2112,1,164.9
2113,2,159.2
2114,1,150.3
2115,2,160.3
2116,1,161.9
2117,2,163.2
2118,1,171.9
2119,2,156.4
2120,1,172.6
2121,2,161.9
2122,2,157.2
2123,1,168.6
2124,2,159.1
2125,1,174.6
2126,1,167.9
2127,2,151.2
2128,1,156.8
2129,2,150.3
2130,2,151.2
2131,2,165.3
2132,1,171.4
2133,2,162.6
2134,2,170.4
2135,2,162.5
2136,2,155.4
2137,1,170.5
2138,2,165
2139,2,159.5
2140,1,172.5
2141,2,159
2142,1,179.8
2143,1,164.7
2144,2,162.6
2145,1,173.1
2146,2,160.1
2147,1,160
2148,2,149.2
2149,2,156.2
2150,1,172.9
2151,2,157.3
2152,1,162.1
2153,2,149.8
2154,2,150.2
2155,1,156.2
2156,2,151.9
2157,1,172.8
2158,2,155
2159,1,168.9
2160,2,161.8
2161,1,172
2162,2,150
2163,1,169.4
2164,2,155.1
2165,1,180
2166,2,152.2
2167,2,163.5
2168,1,174.2
2169,2,149.8
2170,1,171
2171,2,149.8
2172,1,171.1
2173,2,147.4
2174,1,173.7
2175,2,150.1
2176,1,173.3
2177,2,160.1
2178,1,180.4
2179,1,164.4
2180,2,157.2
2181,2,143.2
2182,1,164.3
2183,2,158.1
2184,2,154.1
2185,1,158.4
2186,2,155.2
2187,1,166.8
2188,2,163.2
2189,2,153.7
2190,1,176.8
2191,2,153.8
2192,1,175.3
2193,2,162.6
2194,1,164.1
2195,2,157.6
2196,1,171.5
2197,2,161
2198,1,174.9
2199,2,156.4
2200,1,164.4
2201,2,160.4
2202,1,175.7
2203,2,160.5
2204,1,169.8
2205,2,164
2206,1,176.2
2207,2,154.9
2208,1,183
2209,2,166.3
2210,1,170.8
2211,2,164.1
2212,2,147.8
2213,1,165.4
2214,2,163.4
2215,1,165.4
2216,2,149.7
2217,1,176.4
2218,2,162.2
2219,1,172.6
2220,2,160.2
2221,1,171.2
2222,2,167.3
2223,2,173.2
2224,1,165.7
2225,2,164.8
2226,1,171.5
2227,1,171.4
2228,2,164.7
2229,1,165.4
2230,2,156.7
2231,1,164.9
2232,2,146.7
2233,1,158
2234,2,157.4
2235,1,173.3
2236,2,146
2237,2,149.7
2238,1,160.3
2239,2,161.4
2240,2,152.8
2241,2,169.8
2242,1,169.5
2243,2,154.7
2244,1,164.8
2245,1,174.5
2246,2,156.8
2247,2,159.6
2248,1,167.6
2249,1,168.2
2250,1,156.3
2251,2,154.6
2252,1,166.5
2253,2,153.2
2254,1,168.2
2255,2,150.7
2256,1,172.7
2257,2,152.9
2258,1,170.3
2259,1,165.1
2260,2,150.4
2261,1,164.5
2262,2,153
2263,1,162.2
2264,1,176.4
2265,1,181.4
2266,1,169.4
2267,2,156.8
2268,1,170
2269,2,158.5
2270,1,179.9
2271,2,160.4
2272,1,173.4
2273,2,161.5
2274,2,153.9
2275,1,170.7
2276,2,152.3
2277,1,168.1
2278,2,150.1
2279,2,170.8
2280,2,159.5
2281,1,172
2282,2,161.1
2283,2,150.5
2284,2,156.5
2285,1,168.7
2286,2,164.9
2287,1,162.1
2288,2,154.9
2289,1,165.2
2290,1,173.4
2291,1,183.3
2292,1,163.4
2293,2,157.1
2294,2,160.2
2295,1,163.8
2296,2,163.9
2297,2,152.1
2298,1,165.4
2299,2,156.7
2300,2,152.7
2301,1,171.1
2302,2,159.3
2303,2,151.7
2304,1,165.7
2305,2,147.9
2306,1,166.9
2307,2,157.9
2308,2,163
2309,1,174.7
2310,1,159.3
2311,2,169.4
2312,2,153.6
2313,1,176.9
2314,1,166.5
2315,2,170
2316,2,145.8
2317,2,155.5
2318,2,147
2319,1,172.4
2320,2,155
2321,1,166.4
2322,2,152.5
2323,2,160.6
2324,2,161.5
2325,1,181.9
2326,2,148.7
2327,1,174.7
2328,2,162.5
2329,1,157.4
2330,2,154
2331,1,178
2332,2,145
2333,1,162.2
2334,1,151.9
2335,2,150.4
2336,1,167.8
2337,1,167.9
2338,2,151.4
2339,1,155.4
2340,2,147.6
2341,1,160.1
2342,2,155.8
2343,1,175.6
2344,2,157.5
2345,1,180.2
2346,2,162
2347,1,160.4
2348,2,153.3
2349,1,164.6
2350,2,147.8
2351,1,167.2
2352,2,151.6
2353,2,162.7
2354,2,158.3
2355,1,173.3
2356,1,164.2
2357,2,157.9
2358,1,171.5
2359,2,160.5
2360,2,151.1
2361,1,170.5
2362,2,162.8
2363,2,151.6
2364,2,143.3
2365,2,152.5
2366,1,167.6
2367,2,151.3
2368,1,167.8
2369,2,155.6
2370,2,144.6
2371,1,173.2
2372,2,165.2
2373,1,172
2374,2,171.4
2375,2,160.2
2376,1,171.7
2377,2,150.4
2378,1,174.2
2379,2,158.9
2380,1,175.4
2381,2,172.4
2382,1,166.1
2383,2,159.6
2384,1,162.3
2385,2,157.3
2386,2,151.5
2387,1,170.6
2388,2,164.2
2389,2,157.3
2390,2,154.5
2391,1,171.7
2392,2,157.4
2393,1,163.4
2394,2,148.7
2395,1,173
2396,2,155.1
2397,2,168.5
2398,1,165.7
2399,2,162.3
2400,1,173.4
2401,2,157.6
2402,1,170
2403,2,165.6
2404,1,159.2
2405,2,161.4
2406,1,168.5
2407,2,155.1
2408,1,154.3
2409,2,155.3
2410,1,169
2411,2,154.7
2412,1,171.6
2413,2,147.8
2414,1,164.3
2415,2,155
2416,1,170.1
2417,2,150.4
2418,1,155
2419,1,166.4
2420,2,158.7
2421,1,168.2
2422,2,151.8
2423,1,173.4
2424,2,161.3
2425,1,177.3
2426,2,153.5
2427,1,171.2
2428,2,151.1
2429,1,176.3
2430,1,161.5
2431,2,155.2
2432,2,149.9
2433,2,165
2434,2,162.4
2435,1,162.3
2436,2,148.8
2437,2,160.5
2438,1,167.8
2439,1,168.7
2440,2,153.2
2441,1,165.4
2442,2,157.8
2443,1,168.2
2444,2,143.4
2445,2,155.1
2446,2,148.6
2447,1,171.6
2448,2,150.7
2449,1,161.7
2450,1,178.6
2451,2,151.3
2452,1,170.4
2453,2,147.8
2454,2,163.3
2455,2,154.4
2456,1,170.1
2457,2,148.9
2458,2,150.2
2459,2,152.7
2460,2,157.3
2461,1,159.8
2462,2,152.6
2463,2,153.4
2464,1,156.2
2465,2,153.2
2466,1,158.5
2467,2,153.8
2468,1,169.7
2469,2,149
2470,2,154.8
2471,2,162.9
2472,1,172.4
2473,2,158.4
2474,1,162.1
2475,2,152.8
2476,1,169.3
2477,2,153.8
2478,2,161.4
2479,1,171.3
2480,1,171.5
2481,2,166.5
2482,2,156.5
2483,1,170.6
2484,2,157
2485,1,175.1
2486,2,151.9
2487,1,167.5
2488,2,149.9
2489,2,151.7
2490,2,161.7
2491,2,152.6
2492,1,170.5
2493,2,154
2494,1,175.6
2495,2,165
2496,2,156.1
2497,1,169.5
2498,2,162.1
2499,1,169.8
2500,2,160.4
2501,1,171.7
2502,2,157.6
2503,1,166.7
2504,2,147.5
2505,1,154.3
2506,2,149.1
2507,2,152.5
2508,1,175.2
2509,1,160.9
2510,2,152.5
2511,2,160.1
2512,1,172.4
2513,2,142.6
2514,1,170
2515,2,155.2
2516,1,163.8
2517,1,166.8
2518,2,159.5
2519,1,171.7
2520,2,147.8
2521,1,164.4
2522,2,154.5
2523,1,174.8
2524,2,163.2
2525,1,169.6
2526,2,153.5
2527,1,174.2
2528,2,165
2529,1,173.3
2530,2,163.2
2531,1,168.8
2532,2,154.9
2533,1,172
2534,2,155.2
2535,1,173.2
2536,2,160.3
2537,1,171.6
2538,2,158.1
2539,2,164.1
2540,1,161.7
2541,2,154.9
2542,1,176
2543,2,153.3
2544,1,167.2
2545,2,159.4
2546,1,167.2
2547,2,157.6
2548,2,160
2549,1,181.6
2550,1,175.6
2551,1,168.2
2552,2,160.7
2553,1,166.2
2554,1,169.6
2555,1,169.6
2556,2,154.1
2557,1,173.1
2558,2,163.4
2559,1,168.9
2560,2,159.1
2561,1,180.9
2562,2,166.8
2563,1,168
2564,2,168
2565,1,171.5
2566,2,158.7
2567,2,157.2
2568,1,162.3
2569,2,155.2
2570,1,176.5
2571,2,160.3
2572,1,172.2
2573,1,170.2
2574,1,170
2575,2,164.3
2576,2,166.4
2577,1,171.2
2578,2,162.3
2579,2,160.2
2580,2,158.7
2581,1,162
2582,2,164.3
2583,1,173.4
2584,2,156.6
2585,1,171
2586,1,166.7
2587,1,176.8
2588,2,159.3
2589,2,168.1
2590,1,168.6
2591,2,161.2
2592,2,160.4
2593,2,163.8
2594,2,159.9
2595,1,171.9
2596,1,178.9
2597,2,165.1
2598,2,158
2599,2,149.3
2600,2,152.4
2601,1,175.1
2602,2,151.8
2603,1,158.7
2604,2,154.2
2605,1,167.4
2606,1,171
2607,2,161
2608,2,158.5
2609,1,158
2610,2,145.6
2611,1,168.5
2612,2,157.5
2613,1,171.1
2614,1,164.7
2615,2,152.1
2616,1,169.9
2617,1,159.9
2618,2,158.4
2619,1,166.8
2620,2,162.3
2621,2,165.8
2622,2,164.3
2623,2,151.1
2624,1,162.8
2625,1,168
2626,2,160.3
2627,2,150.6
2628,2,152
2629,2,158.5
2630,1,171.6
2631,2,158.8
2632,1,174
2633,2,156
2634,1,175.9
2635,2,153.5
2636,1,163.8
2637,2,153.1
2638,1,164.3
2639,2,152.9
2640,1,173.6
2641,2,154.5
2642,2,160.4
2643,2,151.9
2644,2,154.2
2645,2,161.3
2646,1,171.1
2647,2,156
2648,1,168
2649,2,157.8
2650,1,172.7
2651,2,155.4
2652,1,168.1
2653,2,165.5
2654,1,169.7
2655,2,157.3
2656,1,173
2657,2,160.7
2658,1,178.4
2659,1,177.8
2660,2,154.7
2661,1,161
2662,2,155.7
2663,2,155.7
2664,2,145.8
2665,2,143.3
2666,1,171.8
2667,2,158.7
2668,1,160
2669,2,160.7
2670,1,169.3
2671,2,147.4
2672,2,150.9
2673,2,158
2674,1,164.6
2675,2,154.8
2676,1,176.8
2677,2,161.8
2678,1,169.6
2679,2,155.7
2680,1,176
2681,1,178.2
2682,2,152.1
2683,1,172.5
2684,2,157.1
2685,1,170.6
2686,2,161
2687,1,173.3
2688,2,166.7
2689,1,172.8
2690,2,154.6
2691,2,157.6
2692,2,150
2693,1,166.7
2694,2,154.2
2695,1,172.9
2696,2,151.7
2697,1,167.2
2698,2,152.8
2699,1,165.5
2700,2,159
2701,2,146.7
2702,1,168.7
2703,1,169.8
2704,2,151.3
2705,1,169.3
2706,2,157.5
2707,2,148.3
2708,1,166.8
2709,1,160.7
2710,1,175.5
2711,2,154.1
2712,2,162.2
2713,1,161.5
2714,2,154.7
2715,1,165.7
2716,2,160
2717,1,172
2718,2,165.5
2719,2,162.2
2720,1,170.2
2721,2,153
2722,2,158.9
2723,1,176.9
2724,2,158.4
2725,1,171.5
2726,2,150.7
2727,2,148.5
2728,1,164.9
2729,1,169.8
2730,2,149.6
2731,1,164.1
2732,2,154.2
2733,1,173.9
2734,2,158.8
2735,1,171.1
2736,2,157.8
2737,1,172.2
2738,2,152.2
2739,1,169.4
2740,2,150.9
2741,2,159.7
2742,2,160.2
2743,2,156.8
2744,2,151.5
2745,2,155.9
2746,1,165
2747,2,145.1
2748,1,173.9
2749,2,164
2750,1,174.2
2751,2,161.7
2752,1,171.1
2753,2,159.1
2754,1,171.9
2755,1,167.9
2756,1,157.5
2757,2,155.7
2758,1,160.5
2759,2,151.8
2760,1,164.9
2761,2,156.4
2762,1,156.3
2763,2,155.6
2764,2,153.2
2765,2,162.5
2766,2,165.1
2767,2,161.6
2768,1,176.4
2769,2,166.1
2770,2,168.6
2771,1,181.2
2772,1,174.9
2773,1,157
2774,2,152.6
2775,2,157.1
2776,1,174
2777,1,166.1
2778,2,160.9
2779,1,184.1
2780,2,165.4
2781,1,171.5
2782,2,160.8
2783,1,165.2
2784,2,153
2785,1,178.9
2786,1,171.2
2787,2,155.5
2788,2,148.7
2789,2,157.7
2790,1,171.2
2791,1,167
2792,2,152.9
2793,1,168
2794,2,151.7
2795,1,171
2796,2,156.5
2797,2,161.8
2798,2,161
2799,1,168.1
2800,2,153.4
2801,1,172
2802,2,159
2803,2,161
2804,2,157.3
2805,2,162.8
2806,1,169.2
2807,2,160.6
2808,2,159
2809,1,170.4
2810,2,155.1
2811,2,171.8
2812,2,168.7
2813,1,167.8
2814,2,156.8
2815,2,158
2816,1,172.4
2817,2,154.8
2818,2,152.4
2819,2,157.5
2820,1,170.1
2821,2,157.7
2822,1,160.6
2823,2,156.9
2824,1,166
2825,2,152.9
2826,1,161.7
2827,2,154
2828,1,170.1
2829,2,154.2
2830,1,173
2831,2,159.9
2832,1,169
2833,1,159.6
2834,1,179
2835,2,155.8
2836,2,158.8
2837,2,161
2838,2,156.6
2839,2,153.2
2840,2,160
2841,1,166.5
2842,2,149.5
2843,1,169.3
2844,2,158.9
2845,1,171.6
2846,2,162.4
2847,2,169.5
2848,1,173.5
2849,1,167.6
2850,2,150.7
2851,2,151.9
2852,1,182.1
2853,2,150.6
2854,1,170.1
2855,2,156.4
2856,1,159.1
2857,2,157.6
2858,1,165.7
2859,2,164.8
2860,2,168.5
2861,1,171.4
2862,2,161
2863,1,160
2864,2,157.2
2865,1,183.9
2866,2,159.6
2867,1,165.8
2868,2,170.5
2869,1,180.4
2870,2,161.9
2871,2,169.2
2872,2,156.4
2873,1,180.5
2874,1,174.2
2875,2,167.2
2876,1,179.7
2877,2,163.9
2878,1,191
2879,1,175
2880,2,151.5
2881,1,167.2
2882,2,152
2883,2,154
2884,1,160
2885,1,177.7
2886,2,159.3
2887,1,165
2888,2,155.5
2889,1,164.4
2890,2,166.7
2891,1,153.1
2892,2,163.4
2893,1,165
2894,1,172.2
2895,2,160.3
2896,1,177.1
2897,2,152.1
2898,1,167.1
2899,2,165
2900,2,158.1
2901,1,176.7
2902,2,141.8
2903,1,177.4
2904,1,179.5
2905,2,156.3
2906,2,167.7
2907,1,164.4
2908,2,154.6
2909,1,166.9
2910,2,157
2911,1,177.1
2912,2,163.4
2913,1,172.6
2914,2,160.2
2915,2,159.7
2916,2,154
2917,2,154
2918,1,157.3
2919,2,163.4
2920,1,184.8
2921,1,176.4
2922,2,161.2
2923,1,175
2924,2,159.9
2925,1,181
2926,2,158
2927,1,167.7
2928,2,162.2
2929,1,182.8
2930,2,165.9
2931,2,153.8
2932,2,158.4
2933,2,158
2934,1,177.9
2935,2,163.5
2936,1,172.6
2937,2,158
2938,1,171.3
2939,2,163.7
2940,1,179.9
2941,2,170.9
2942,1,172.9
2943,1,180
2944,1,163.5
2945,2,150.5
2946,1,172.4
2947,2,162
2948,2,161
2949,1,164
2950,2,158.5
2951,2,152.7
2952,1,160.3
2953,2,153.6
2954,1,164.5
2955,1,173.2
2956,2,156.3
2957,2,153.5
2958,1,160.6
2959,2,157.3
2960,2,159
2961,1,171.1
2962,2,162.3
2963,1,175.6
2964,2,164
2965,1,168.5
2966,1,173.9
2967,1,162.2
2968,2,167.4
2969,1,165.9
2970,2,167.1
2971,1,177.6
2972,2,160.3
2973,1,164.6
2974,2,157.5
2975,2,158.2
2976,1,171.5
2977,1,173
2978,2,157.8
2979,1,175.8
2980,1,178.1
2981,2,146.9
2982,1,174.6
2983,1,165.6
2984,2,155.9
2985,2,160.9
2986,1,177.1
2987,1,166.5
2988,2,163.3
2989,2,144.2
2990,1,167.8
2991,2,153.8
2992,2,158.9
2993,1,178.5
2994,2,159.1
2995,1,168.3
2996,2,152.6
2997,1,169.3
2998,2,160.8
2999,2,145.2
3000,1,166.8
3001,2,154.3
3002,2,154.3
3003,1,174.3
3004,2,157.5
3005,2,171.3
3006,1,168.2
3007,2,153.8
3008,1,168
3009,2,164.4
3010,1,164.5
3011,2,161
3012,2,159.9
3013,1,166.1
3014,2,154.4
3015,2,158.7
3016,1,169.1
3017,1,168.6
3018,2,155.9
3019,2,157.6
3020,1,170.6
3021,1,163.5
3022,2,161.4
3023,2,156.6
3024,2,153.9
3025,1,158.3
3026,2,154.9
3027,1,175.6
3028,1,174.1
3029,2,156.5
3030,1,180.1
3031,1,167.7
3032,2,160.1
3033,1,168.7
3034,2,166.9
3035,1,169.7
3036,2,164.9
3037,1,174.1
3038,2,161.9
3039,2,163.5
3040,1,177.7
3041,2,160.6
3042,1,148
3043,1,169.8
3044,2,159.7
3045,1,167
3046,2,160.9
3047,2,161.3
3048,1,171.3
3049,1,168.8
3050,2,163.3
3051,1,166.6
3052,2,150.2
3053,2,157
3054,2,160.1
3055,2,156
3056,1,168.8
3057,2,162.2
3058,1,160.4
3059,2,151.4
3060,1,168.8
3061,2,164.5
3062,1,160.5
3063,2,158.5
3064,1,172.8
3065,2,154.8
3066,1,167.8
3067,2,152.5
3068,1,171.4
3069,1,176.9
3070,2,153.4
3071,1,167.8
3072,2,152.2
3073,2,153.4
3074,2,159.4
3075,1,171.7
3076,2,156.9
3077,2,155.8
3078,1,163
3079,2,165.8
3080,1,168.3
3081,2,157.8
3082,1,173.9
3083,1,183.4
3084,2,161.8
3085,1,170.4
3086,2,162.4
3087,1,176.9
3088,2,164.1
3089,1,166.5
3090,2,153.9
3091,2,162.8
3092,1,170
3093,1,166.5
3094,1,165.7
3095,2,159.6
3096,2,145.1
3097,1,164.4
3098,2,159.8
3099,1,166.5
3100,2,151
3101,2,146.8
3102,1,163.8
3103,2,161.6
3104,2,160.5
3105,1,178.4
3106,2,158.2
3107,1,178.2
3108,1,171.7
3109,2,148.5
3110,1,176.8
3111,1,166.2
3112,2,154.2
3113,1,154
3114,2,153.7
3115,2,159
3116,1,180
3117,2,160
3118,1,172.5
3119,2,161
3120,1,179.9
3121,2,157.1
3122,1,176.7
3123,2,152.1
3124,1,165.3
3125,2,164
3126,1,165.8
3127,2,154.7
3128,1,178.4
3129,2,161.2
3130,2,161
3131,1,174.5
3132,2,157.6
3133,1,153.1
3134,2,162
3135,1,164.9
3136,2,156.8
3137,1,175.8
3138,2,152.7
3139,1,164.8
3140,1,178.7
3141,2,151.1
3142,1,183
3143,2,164
3144,1,166.6
3145,2,155.4
3146,1,159.5
3147,2,154.9
3148,1,171.7
3149,2,148.7
3150,1,171.4
3151,1,177.5
3152,1,179.8
3153,2,161.5
3154,2,159.3
3155,1,163.1
3156,2,156
3157,1,170.4
3158,2,151.7
3159,1,173.2
3160,2,152.5
3161,2,149.7
3162,1,169
3163,2,165.2
3164,1,166.6
3165,2,164.8
3166,1,170.8
3167,1,164.5
3168,2,160.4
3169,2,155.3
3170,1,177.8
3171,1,172.9
3172,2,164.4
3173,1,173.9
3174,2,154.5
3175,1,176.8
3176,2,154
3177,1,181.7
3178,2,157.2
3179,2,154.6
3180,1,156.8
3181,2,153.1
3182,1,168.8
3183,2,154.9
3184,2,158.9
3185,1,163.7
3186,2,152.8
3187,2,155.7
3188,2,161.7
3189,1,174.3
3190,2,160.4
3191,2,149.3
3192,1,159.2
3193,2,161.2
3194,2,152.8
3195,1,174.4
3196,2,160.9
3197,1,178.6
3198,2,160.9
3199,1,179.8
3200,2,158.4
3201,1,172.7
3202,2,151.1
3203,1,171.6
3204,2,149.3
3205,2,160.4
3206,2,165.8
3207,2,157
3208,1,165.9
3209,2,164.6
3210,1,169.9
3211,2,157.1
3212,2,158.1
3213,1,176.8
3214,2,162.5
3215,1,189.4
3216,1,175
3217,2,161.2
3218,1,173.5
3219,2,151.8
3220,2,159.8
3221,2,155.1
3222,1,169.1
3223,2,151.7
3224,1,160.8
3225,2,152.6
3226,2,156.1
3227,2,156.8
3228,2,157.1
3229,1,178.7
3230,2,145.9
3231,1,167.5
3232,2,156.8
3233,2,168.8
3234,1,172.7
3235,2,160.9
3236,1,160.5
3237,2,159.2
3238,1,172.1
3239,2,152.5
3240,1,163.1
3241,2,157.4
3242,1,170
3243,2,152
3244,1,168
3245,2,156.5
3246,1,165.7
3247,2,148.4
3248,1,158.2
3249,2,150.5
3250,2,157.4
3251,1,159.5
3252,2,138.8
3253,1,168
3254,1,159.2
3255,2,155.7
3256,2,167.8
3257,1,169.6
3258,2,149.8
3259,1,169.8
3260,2,160
3261,2,152.2
3262,1,168.6
3263,2,153.9
3264,1,175.8
3265,2,154.7
3266,2,148.9
3267,1,175.8
3268,2,152.8
3269,1,172.9
3270,2,158.1
3271,1,177.7
3272,2,160.4
3273,1,164.1
3274,2,157.9
3275,1,170.2
3276,2,159.2
3277,2,159.1
3278,1,161.3
3279,1,163.4
3280,2,147.6
3281,2,157
3282,2,153.8
3283,1,171.4
3284,2,157
3285,1,166.3
3286,2,164.5
3287,2,142.8
3288,1,165.1
3289,2,158.9
3290,2,159.9
3291,2,167.3
3292,1,179.8
3293,2,152.8
3294,2,165.1
3295,1,182.7
3296,1,173.6
3297,2,149.7
3298,2,146.3
3299,1,156.6
3300,1,164.7
3301,2,156.7
3302,1,181
3303,1,172.8
3304,1,171
3305,2,158.5
3306,2,161.3
3307,1,178.1
3308,2,156.2
3309,2,163.2
3310,1,177.9
3311,2,168.9
3312,1,179.3
3313,2,162.3
3314,1,168.1
3315,2,156.1
3316,1,160.1
3317,2,146.4
3318,1,171.4
3319,2,158
3320,1,171.9
3321,1,182.1
3322,2,160.4
3323,2,142.2
3324,2,160.2
3325,2,159
3326,1,164.2
3327,1,153.6
3328,2,158.8
3329,1,172.3
3330,2,166.2
3331,2,156.9
3332,2,150.3
3333,1,169.2
3334,2,157.4
3335,2,156.8
3336,1,170.6
3337,1,167.7
3338,1,161.3
3339,2,160.3
3340,2,161.7
3341,2,160.3
3342,1,171.3
3343,1,152.3
3344,2,146.4
3345,1,171.1
3346,1,173.7
3347,1,160.2
3348,2,152.5
3349,1,169.1
3350,1,166
3351,2,160.2
3352,1,162.2
3353,2,164.9
3354,1,158.5
3355,2,159.4
3356,1,166.9
3357,2,151.2
3358,1,178.2
3359,2,167.3
3360,1,172.2
3361,2,163.9
3362,2,155.4
3363,1,165.8
3364,2,151.9
3365,1,170
3366,2,160
3367,2,149.5
3368,2,160.4
3369,2,161.9
3370,1,167.7
3371,2,150.8
3372,2,157.6
3373,2,160.2
3374,2,159.4
3375,1,184.3
3376,1,171.9
3377,2,163.4
3378,2,174.3
3379,1,170.2
3380,2,160.8
3381,2,160.4
3382,1,166.1
3383,2,163.4
3384,1,171.6
3385,1,168.4
3386,2,155.6
3387,2,163.8
3388,1,176.5
3389,1,164.9
3390,2,161
3391,1,156.6
3392,2,152.7
3393,1,180.9
3394,2,158.2
3395,1,168.3
3396,2,157.3
3397,2,157.1
3398,2,163.4
3399,1,171.8
3400,2,156.4
3401,2,149.6
3402,2,159.1
3403,2,154.6
3404,1,168.2
3405,2,155
3406,2,163.4
3407,1,159.4
3408,1,170
3409,2,154.5
3410,2,150.4
3411,1,175.5
3412,1,168.4
3413,1,172.4
3414,2,164.5
3415,1,172.4
3416,2,157.1
3417,1,169.7
3418,1,166.7
3419,2,162.7
3420,1,168.7
3421,2,152.4
3422,1,172.3
3423,2,165.5
3424,1,179.5
3425,1,167
3426,1,166
3427,2,148.2
3428,2,152.5
3429,2,163.8
3430,2,167
3431,2,154.6
3432,1,165.5
3433,2,156.2
3434,2,159
3435,1,165.3
3436,2,147.5
3437,1,179.5
3438,2,160.9
3439,1,167.3
3440,2,153.8
3441,2,158.8
3442,1,163.9
3443,2,149.6
3444,1,174
3445,2,147.4
3446,1,165.8
3447,2,159.8
3448,1,166.5
3449,2,154.1
3450,2,161.1
3451,2,165.9
3452,1,172
3453,2,155
3454,1,163.4
3455,1,176.6
3456,2,155.4
3457,2,157.2
3458,1,168.7
3459,2,151.5
3460,1,177.8
3461,1,168.9
3462,2,153.6
3463,1,173.1
3464,1,172.7
3465,2,146.1
3466,1,173.3
3467,2,164.3
3468,1,160.2
3469,2,154
3470,1,165.1
3471,1,171.9
3472,1,170.6
3473,2,159.6
3474,2,153.1
3475,1,162.6
3476,2,154
3477,1,174
3478,2,163.6
3479,2,159.1
3480,1,167.4
3481,2,156.8
3482,1,174.7
3483,2,159.2
3484,1,169
3485,2,157.3
3486,2,152.5
3487,1,174.2
3488,2,156.8
3489,1,165.1
3490,2,149.5
3491,1,157.2
3492,2,144.8
3493,2,159.8
3494,2,150.6
3495,1,173.3
3496,1,174.1
3497,1,174.3
3498,1,173
3499,1,170.2
3500,2,160.6
3501,1,170.8
3502,2,150.5
3503,2,158.6
3504,1,179.7
3505,1,159.6
3506,2,163
3507,2,153.2
3508,1,161.8
3509,2,157.5
3510,2,163.9
3511,1,180.7
3512,1,168.2
3513,2,155.9
3514,2,157.9
3515,2,149.3
3516,2,156.3
3517,1,161.8
3518,2,150.1
3519,2,143.3
3520,1,168
3521,1,172.3
3522,2,152.3
3523,2,167.8
3524,2,146.1
3525,2,163.3
3526,2,153.1
3527,1,171.7
3528,2,151
3529,1,162.3
3530,2,160.1
3531,1,159.3
3532,1,165.6
3533,2,151
3534,1,171.8
3535,2,162
3536,1,177.7
3537,2,162.1
3538,1,174.8
3539,1,171.4
3540,2,166.9
3541,1,168.2
3542,2,156.4
3543,2,154.9
3544,1,165.8
3545,2,157.4
3546,1,181
3547,2,160.1
3548,1,186.6
3549,2,166.5
3550,1,169.2
3551,2,163.7
3552,2,165.5
3553,1,172.3
3554,2,154.4
3555,2,154.6
3556,1,170.5
3557,2,165.4
3558,1,167.3
3559,2,155.6
3560,2,154.1
3561,1,165.8
3562,2,157.8
3563,1,171
3564,2,164.2
3565,1,162.6
3566,2,144.1
3567,1,166.3
3568,2,156.5
3569,1,165.7
3570,2,159.2
3571,1,181.2
3572,1,168.5
3573,2,165.6
3574,2,153.1
3575,1,167.4
3576,2,151.7
3577,1,175.7
3578,1,165.8
3579,1,166.6
3580,2,154.8
3581,1,163.1
3582,2,170.9
3583,2,155.4
3584,1,165.4
3585,1,176.7
3586,2,159.7
3587,1,164.8
3588,2,153.6
3589,1,168.6
3590,2,162.2
3591,2,156.6
3592,2,160.9
3593,2,160.2
3594,1,162.8
3595,2,152.6
3596,2,151.2
3597,1,169.4
3598,2,159.3
3599,1,166.3
3600,2,155.4
3601,2,156.7
3602,1,168.9
3603,1,167.1
3604,2,160.1
3605,2,169.5
3606,2,158.4
3607,1,163.1
3608,2,157.9
3609,1,167.8
3610,2,156.8
3611,2,159
3612,2,149.4
3613,1,174
3614,2,156.2
3615,1,171.7
3616,1,173.1
3617,2,162.3
3618,1,170.6
3619,2,159.6
3620,2,167.1
3621,1,173.5
3622,2,161.4
3623,1,180.1
3624,2,161.6
3625,1,174.7
3626,1,167
3627,2,152.3
3628,1,170.6
3629,2,154.6
3630,2,155.9
3631,1,164.5
3632,2,164.3
3633,1,168.4
3634,2,163.1
3635,1,173.4
3636,2,157.6
3637,1,170.6
3638,2,162.2
3639,1,178.6
3640,2,163.1
3641,1,179
3642,2,150.8
3643,1,167
3644,2,155.2
3645,1,167.4
3646,2,161.3
3647,1,163.9
3648,2,163.1
3649,1,179.2
3650,2,152.4
3651,1,180.4
3652,2,155.1
3653,1,168.5
3654,2,150.8
3655,2,160.2
3656,1,163.3
3657,1,168.7
3658,2,159.2
3659,1,172.2
3660,2,157.7
3661,1,176.1
3662,2,165.1
3663,1,166.5
3664,2,151.5
3665,2,152.1
3666,1,167.2
3667,1,161.7
3668,2,153.8
3669,1,173.3
3670,2,166.7
3671,1,167.7
3672,2,162.5
3673,1,172.8
3674,1,184.9
3675,2,156.4
3676,1,170.2
3677,2,152.4
3678,1,173.7
3679,2,167.5
3680,1,168.7
3681,2,161.1
3682,1,184.7
3683,1,166.2
3684,2,154.5
3685,2,157.6
3686,1,166.2
3687,2,160
3688,2,158.4
3689,1,170
3690,2,156.9
3691,1,167.6
3692,2,156.4
3693,1,173.5
3694,2,161
3695,1,173.2
3696,2,156.1
3697,1,165.9
3698,2,154.5
3699,1,164.9
3700,2,155
3701,1,166.7
3702,2,155
3703,1,160.6
3704,2,159.6
3705,1,164.8
3706,2,165.9
3707,2,159.3
3708,1,156.4
3709,2,158.2
3710,1,172.5
3711,2,158.6
3712,2,157.9
3713,1,163.7
3714,2,155.1
3715,1,171.7
3716,2,154.4
3717,2,159.4
3718,1,176
3719,2,151.1
3720,1,173.4
3721,1,176.8
3722,2,169.6
3723,1,177
3724,2,173.2
3725,1,168.5
3726,2,159.5
3727,1,172.5
3728,2,161.7
3729,2,159.5
3730,2,162.7
3731,2,156.8
3732,1,164
3733,2,154.5
3734,1,171.5
3735,1,168.3
3736,2,160.5
3737,1,181
3738,1,161.7
3739,2,161.6
3740,1,164.9
3741,2,157
3742,2,156.7
3743,1,170
3744,1,173.8
3745,2,160.1
3746,1,165.7
3747,2,153.5
3748,1,176
3749,1,164.7
3750,2,149.4
3751,1,169.6
3752,1,170.5
3753,2,148.8
3754,2,163.2
3755,2,161.4
3756,1,170.4
3757,2,158.3
3758,2,156.1
3759,1,174.1
3760,2,160.8
3761,1,171.9
3762,2,162.8
3763,2,162.4
3764,2,156
3765,1,167.6
3766,2,149.1
3767,1,181.1
3768,1,170.4
3769,2,159.4
3770,1,177.1
3771,2,156.3
3772,1,159.4
3773,2,145.2
3774,1,168.7
3775,2,158.8
3776,1,172.5
3777,2,162.9
3778,1,176.1
3779,2,166.1
3780,1,171.2
3781,2,160.6
3782,1,169.8
3783,2,153.8
3784,2,143.9
3785,1,163.7
3786,1,169
3787,1,173.3
3788,2,154.6
3789,1,160.2
3790,2,152.9
3791,1,173.2
3792,1,166.7
3793,2,155.2
3794,1,180.4
3795,2,156.7
3796,2,153.4
3797,1,171.8
3798,2,150.7
3799,1,186.9
3800,2,154.6
3801,1,163
3802,2,150
3803,1,158.5
3804,2,159.6
3805,1,164.4
3806,2,159.4
3807,2,162
3808,2,161.4
3809,2,161.5
3810,1,168.8
3811,1,170.1
3812,2,158.1
3813,1,177.2
3814,2,148.6
3815,1,173.5
3816,1,173
3817,2,156.4
3818,1,169.8
3819,2,153.2
3820,2,154.7
3821,2,157.8
3822,2,155.4
3823,1,153.9
3824,2,155
3825,2,161.5
3826,1,165.1
3827,2,149.8
3828,2,157.6
3829,1,168.8
3830,2,158.6
3831,2,159.4
3832,2,168
3833,1,181.4
3834,1,174.5
3835,2,169.1
3836,1,160.2
3837,2,159.9
3838,2,165
3839,1,159.8
3840,2,156.2
3841,1,174.2
3842,1,174.3
3843,2,156.8
3844,2,146.2
3845,1,177.1
3846,2,159.1
3847,1,159.2
3848,2,165.7
3849,2,150.8
3850,1,170.7
3851,1,169.7
3852,2,160.9
3853,2,163.2
3854,1,185.2
3855,2,163.2
3856,1,170.4
3857,2,159.5
3858,1,159.4
3859,2,162.9
3860,2,162.1
3861,1,170.1
3862,2,151.9
3863,1,161.3
3864,2,151
3865,1,165.4
3866,1,169
3867,2,154.6
3868,1,171.3
3869,2,155.5
3870,1,182.5
3871,1,172.3
3872,2,149.2
3873,1,169.8
3874,2,151.3
3875,2,157.8
3876,1,169.5
3877,2,150.7
3878,2,154.3
3879,1,157.5
3880,1,170.5
3881,2,160.5
3882,1,162.4
3883,2,160.2
3884,1,162.4
3885,2,145
3886,1,169.3
3887,2,155.4
3888,1,160.6
3889,2,157.3
3890,2,148.5
3891,1,162.8
3892,1,168.1
3893,2,150.4
3894,1,166.6
3895,2,143.3
3896,2,160.5
3897,1,174.4
3898,2,163.6
3899,2,149.5
3900,2,160.3
3901,1,155.9
3902,2,146.7
3903,2,158.5
3904,1,158.5
3905,2,162.7
3906,2,155.4
3907,1,170.3
3908,1,167.2
3909,2,158.5
3910,2,154.7
3911,1,167.4
3912,2,157.2
3913,2,157.5
3914,2,157.6
3915,1,170.7
3916,1,160.2
3917,2,162.5
3918,2,158.5
3919,2,158.2
3920,2,158.3
3921,1,174.5
3922,1,162.5
3923,2,157.8
3924,1,169.1
3925,2,161.4
3926,2,164
3927,1,172.6
3928,2,157
3929,1,174.2
3930,1,163.9
3931,2,160.5
3932,1,161.2
3933,2,160.6
3934,1,164.9
3935,2,160.2
3936,2,155.3
3937,2,156.8
3938,2,154.7
3939,2,155.2
3940,2,161.1
3941,1,173.4
3942,2,154.5
3943,1,153.8
3944,1,168.8
3945,2,155.9
3946,2,166.6
3947,1,163.3
3948,2,164.4
3949,2,155.1
3950,2,157.9
3951,2,156.7
3952,2,148.3
3953,2,152.9
3954,1,165.4
3955,2,160.4
3956,1,170.5
3957,2,155.8
3958,1,163.6
3959,2,164.1
3960,2,163.4
3961,1,168.9
3962,2,161.8
3963,1,162.1
3964,2,152.1
3965,2,160.4
3966,1,167.4
3967,2,154.1
3968,1,173.4
3969,2,161.3
3970,1,165.7
3971,1,162.4
3972,2,162.3
3973,1,170.4
3974,2,154.6
3975,1,168.2
3976,2,148.3
3977,2,152.1
3978,1,174
3979,2,152.4
3980,2,154.3
3981,1,171.1
3982,2,150.2
3983,1,169.7
3984,2,162.5
3985,1,175.3
3986,1,165.4
3987,2,157.2
3988,1,164.1
3989,2,155.5
3990,1,164.5
3991,1,174.8
3992,2,160.5
3993,1,176.7
3994,2,157.6
3995,2,156.2
3996,1,165.1
3997,2,158.3
3998,1,166.3
3999,2,152.6
4000,1,174
4001,2,163.8
4002,2,155.5
4003,1,160.5
4004,2,155.8
4005,1,170.5
4006,2,158.3
4007,2,160.2
4008,2,166.8
4009,1,158.7
4010,2,151.6
4011,1,172.7
4012,2,161.9
4013,1,166.7
4014,2,149.1
4015,1,160.4
4016,1,170.8
4017,1,162.3
4018,2,148.5
4019,2,158.4
4020,2,154.5
4021,2,155.3
4022,1,148.5
4023,2,158.4
4024,1,162.3
4025,2,154.5
4026,2,157.3
4027,1,165.5
4028,1,157.7
4029,2,150.3
4030,1,170.3
4031,2,153.8
4032,2,143.9
4033,2,161.6
4034,2,160.8
4035,2,151.7
4036,1,161.8
4037,2,158.5
4038,2,159.1
4039,2,149.3
4040,1,174.2
4041,2,152.8
4042,1,160.5
4043,2,160.2
4044,1,170.5
4045,1,165.3
4046,2,158
4047,1,168.3
4048,2,157.1
4049,1,169
4050,2,163.1
4051,1,169
4052,2,157.4
4053,1,169.5
4054,2,162
4055,1,170
4056,2,158.4
4057,1,168.2
4058,2,172.9
4059,1,171.1
4060,2,156.2
4061,2,146.7
4062,1,170.2
4063,1,174.3
4064,2,167.3
4065,1,164
4066,2,156.7
4067,1,175.3
4068,2,163.3
4069,1,170.4
4070,1,170.4
4071,2,160
4072,2,140
4073,2,157.3
4074,1,170
4075,1,160.4
4076,1,163.4
4077,2,160.5
4078,2,149.2
4079,1,167.2
4080,1,163.2
4081,1,152.5
4082,1,169.4
4083,2,156.3
4084,1,169
4085,1,168
4086,1,167.4
4087,1,169.4
4088,2,148
4089,1,175.4
4090,2,158.5
4091,1,168.8
4092,2,157.4
4093,1,168.1
4094,2,158.5
4095,1,161.8
4096,1,162.9
4097,2,162.2
4098,1,174
4099,2,155.4
4100,1,170.7
4101,2,153.6
4102,1,161.9
4103,2,159.4
4104,2,163.6
4105,1,166.3
4106,2,158.7
4107,1,167.6
4108,2,155.9
4109,1,162.3
4110,2,156.7
4111,2,157.7
4112,1,168.4
4113,2,157.2
4114,1,162.5
4115,1,160.4
4116,2,140.8
4117,2,150.4
4118,1,169.2
4119,2,158.8
4120,1,166
4121,2,158.5
4122,1,164.5
4123,1,178.2
4124,2,157.1
4125,1,166.2
4126,2,158.1
4127,1,181.3
4128,1,172.2
4129,1,173.2
4130,2,164.1
4131,1,179.7
4132,1,176.5
4133,1,167.2
4134,2,153.1
4135,2,163.3
4136,2,160.4
4137,1,173.2
4138,2,159.5
4139,1,174.7
4140,2,160.2
4141,1,184.1
4142,1,173.4
4143,2,158.6
4144,1,174.5
4145,2,162.5
4146,1,172.4
4147,1,175.7
4148,2,159.5
4149,2,160.5
4150,2,157.9
4151,1,167.5
4152,2,159.7
4153,1,164.5
4154,2,145.2
4155,2,158.4
4156,1,176.2
4157,1,175.4
4158,2,161.5
4159,1,174.6
4160,2,163.3
4161,1,162.4
4162,2,152.1
4163,1,178.1
4164,2,152.3
4165,2,158.5
4166,1,179.7
4167,2,159.5
4168,1,174.5
4169,2,156.9
4170,1,168.9
4171,2,153.9
4172,2,146.1
4173,1,176.1
4174,1,176.4
4175,2,155.7
4176,1,170.2
4177,2,157.4
4178,2,150.9
4179,2,155.2
4180,1,183.5
4181,1,169.1
4182,2,158.1
4183,1,167.8
4184,2,166.3
4185,1,173.5
4186,2,150.7
4187,2,158.9
4188,1,170.2
4189,2,158.8
4190,1,174.3
4191,2,155.1
4192,1,166.8
4193,2,163.2
4194,2,164.1
4195,2,159.1
4196,2,158.6
4197,2,159.2
4198,1,172.5
4199,2,152.6
4200,2,153
4201,2,152.7
4202,1,175
4203,2,159.6
4204,1,157.5
4205,2,142.5
4206,2,158.2
4207,1,164.3
4208,2,164.3
4209,1,168.1
4210,1,166.2
4211,2,158.5
4212,2,154.2
4213,1,163.1
4214,2,158.4
4215,1,167.4
4216,2,162.7
4217,1,163.3
4218,2,151.4
4219,1,177.1
4220,1,167.5
4221,2,157.5
4222,2,157.2
4223,1,170.3
4224,2,155.2
4225,1,184.5
4226,2,163.4
4227,1,176.5
4228,2,157.6
4229,1,171.2
4230,2,157.3
4231,1,177.4
4232,1,166.8
4233,2,156.1
4234,2,158.3
4235,2,159.9
4236,2,156.5
4237,1,158.8
4238,2,162.2
4239,1,161.6
4240,2,160.4
4241,1,177.2
4242,1,170.9
4243,2,158.3
4244,2,144.8
4245,1,169.8
4246,1,166.9
4247,2,166.4
4248,2,158
4249,1,170.8
4250,1,174.4
4251,2,160
4252,2,152.8
4253,2,155.4
4254,1,171.8
4255,1,171.5
4256,2,157.5
4257,1,167.9
4258,1,173.5
4259,1,169.1
4260,1,168.1
4261,2,157.2
4262,1,169.9
4263,2,158.5
4264,1,178.4
4265,1,170.4
4266,1,158.3
4267,2,154.9
4268,1,169.8
4269,2,163.5
4270,2,160.3
4271,1,163.8
4272,1,168.1
4273,2,166.4
4274,2,162.6
4275,1,168.7
4276,2,163.5
4277,1,173.4
4278,2,157.5
4279,1,167.9
4280,2,150.8
4281,2,153.6
4282,2,157.5
4283,1,168
4284,2,153.9
4285,1,177.4
4286,2,153.5
4287,1,162.9
4288,1,173.4
4289,2,150.8
4290,1,165.4
4291,2,158.5
4292,1,172.4
4293,2,158.4
4294,1,176.8
4295,1,172.2
4296,2,160
4297,2,165.2
4298,2,153.9
4299,2,159.4
4300,1,172.7
4301,2,147.5
4302,1,176.4
4303,1,167.3
4304,2,153.8
4305,1,178.4
4306,2,160.4
4307,1,164.1
4308,2,159.7
4309,2,160.1
4310,1,174.1
4311,2,163.4
4312,2,151.5
4313,1,178.3
4314,1,179.9
4315,2,160.1
4316,1,162.7
4317,2,143.7
4318,2,158.7
4319,1,165.4
4320,2,156
4321,2,163.4
4322,2,157.2
4323,1,182
4324,2,158.5
4325,1,185.2
4326,2,150.7
4327,1,170
4328,2,166
4329,1,174.5
4330,1,161.3
4331,1,157.3
4332,1,172.4
4333,2,160.7
4334,1,175.6
4335,1,178.7
4336,2,158.5
4337,1,173.6
4338,2,171.2
4339,2,151.6
4340,1,162
4341,2,150.8
4342,1,183.7
4343,2,155.7
4344,2,161.2
4345,2,163.3
4346,1,166.4
4347,2,163.2
4348,1,165.6
4349,2,151.3
4350,2,170.5
4351,1,177.7
4352,1,174.1
4353,2,155.3
4354,2,150.8
4355,1,164.3
4356,2,142.9
4357,1,160.5
4358,2,155
4359,1,163.4
4360,2,157.3
4361,1,156.4
4362,2,150.1
4363,2,152.2
4364,1,176.4
4365,2,158.2
4366,2,153.2
4367,1,172.5
4368,2,158.2
4369,1,165.4
4370,2,157.3
4371,1,174.8
4372,2,157
4373,1,167.6
4374,2,145.6
4375,1,171.3
4376,2,158
4377,2,173
4378,1,169.2
4379,2,147.1
4380,2,153.8
4381,1,172.6
4382,2,158.1
4383,1,176.4
4384,2,160.4
4385,1,176.4
4386,1,178.5
4387,1,158.4
4388,1,163.6
4389,1,176.3
4390,2,159.3
4391,2,159.4
4392,1,163.5
4393,2,160.1
4394,2,157.3
4395,1,171.5
4396,2,158.3
4397,1,170.4
4398,2,156.4
4399,1,167.9
4400,2,154.9
4401,1,175.6
4402,2,162.1
4403,1,177.8
4404,2,162.4
4405,1,174
4406,2,166.1
4407,1,168.2
4408,2,156.6
4409,1,175.7
4410,2,162.4
4411,1,175.2
4412,1,170.2
4413,2,152.1
4414,1,174.5
4415,2,160.2
4416,2,164.2
4417,1,171.2
4418,1,167.2
4419,2,147.2
4420,2,158.2
4421,2,162.1
4422,1,171.3
4423,2,157.5
4424,2,163.2
4425,1,168.9
4426,2,151.5
4427,1,170.2
4428,2,162.2
4429,1,184.5
4430,1,167.7
4431,2,152.3
4432,1,164.5
4433,2,159.7
4434,2,160.1
4435,1,168.1
4436,1,172
4437,2,160.2
4438,2,149.8
4439,1,168.3
4440,1,161
4441,2,160.7
4442,2,159
4443,1,168.5
4444,2,158.3
4445,1,167.5
4446,1,164.5
4447,1,164.5
4448,2,159
4449,1,171
4450,2,157
4451,2,163.5
4452,2,165.4
4453,2,161.5
4454,2,155
4455,1,161.5
4456,2,167.9
4457,1,182.5
4458,2,161
4459,2,150
4460,1,168.4
4461,2,160
4462,2,151.2
4463,2,160
4464,1,179.5
4465,1,156.7
4466,2,157.2
4467,1,156.4
4468,2,161.5
4469,1,173
4470,2,166.5
4471,2,173
4472,1,170
4473,2,177.1
4474,2,166
4475,1,171.6
4476,2,164.8
4477,2,159.4
4478,1,172
4479,2,161.4
4480,2,160
4481,1,167.5
4482,2,162.7
4483,2,147.4
4484,1,180
4485,2,170.4
4486,1,155.1
4487,2,154.5
4488,1,156.5
4489,2,158.4
4490,1,165.5
4491,2,160.4
4492,1,174.5
4493,2,154.7
4494,1,172
4495,1,167.9
4496,1,165.5
4497,2,151.6
4498,1,172.8
4499,2,162.1
4500,1,160.7
4501,2,163.6
4502,1,168.5
4503,2,160.4
4504,1,170.8
4505,2,158.8
4506,1,168.4
4507,2,156.3
4508,2,165.1
4509,1,153.7
4510,2,150.1
4511,1,160.5
4512,2,164.5
4513,1,165.4
4514,1,172.8
4515,2,157.5
4516,1,167
4517,2,160
4518,1,169
4519,2,150.5
4520,1,155.6
4521,2,156.3
4522,1,172.9
4523,2,152.1
4524,1,169.6
4525,2,150.7
4526,1,167.4
4527,1,172.8
4528,2,158.3
4529,1,170.3
4530,2,157.6
4531,1,170.2
4532,2,157.8
4533,2,157.9
4534,2,158.9
4535,1,163.4
4536,2,151
4537,1,167.4
4538,2,144.4
4539,1,163.1
4540,2,153.2
4541,2,145.6
4542,1,173.2
4543,1,165.8
4544,2,157.3
4545,1,173.9
4546,2,152.6
4547,1,173.3
4548,1,169.8
4549,2,150.2
4550,1,171
4551,1,170.2
4552,2,156
4553,1,172.4
4554,1,168.4
4555,2,156.8
4556,1,173.4
4557,1,172.3
4558,2,152.8
4559,1,169.5
4560,2,157.6
4561,1,170.8
4562,2,150.2
4563,2,164.3
4564,2,162.2
4565,2,156.1
4566,2,158.1
4567,2,163.5
4568,2,158
4569,1,182.9
4570,2,165.2
4571,1,163.2
4572,2,150.6
4573,1,168.5
4574,2,160.2
4575,1,169.8
4576,2,151.5
4577,1,168
4578,1,173.9
4579,2,162.9
4580,1,177.1
4581,2,155.2
4582,1,172.4
4583,1,176.3
4584,2,158.6
4585,1,172.4
4586,2,150.2
4587,1,167
4588,2,165
4589,2,160.1
4590,2,153.7
4591,2,163
4592,2,155.2
4593,2,162.8
4594,1,175.4
4595,1,164
4596,2,162.7
4597,1,160.2
4598,2,140.5
4599,2,158.5
4600,1,171.6
4601,2,136.1
4602,2,167.5
4603,2,163.3
4604,1,162.5
4605,2,154.2
4606,1,176.4
4607,2,154.2
4608,1,170
4609,2,158.2
4610,2,162.4
4611,1,163
4612,2,158.2
4613,1,171.1
4614,2,153.9
4615,1,170
4616,1,171.1
4617,2,168
4618,1,168.3
4619,2,168.9
4620,1,170.2
4621,2,146.3
4622,1,160
4623,2,161.8
4624,2,173
4625,2,163.5
4626,2,162.3
4627,1,168.1
4628,2,150.3
4629,1,175.5
4630,1,172.3
4631,2,162
4632,2,157.5
4633,1,168
4634,2,145.2
4635,2,159.2
4636,1,168.9
4637,2,151.2
4638,2,153.4
4639,2,150.5
4640,1,170.7
4641,2,152.4
4642,1,168.5
4643,1,160.5
4644,2,151.7
4645,1,170.3
4646,2,152.6
4647,1,170.5
4648,2,154.3
4649,2,157.5
4650,2,161
4651,2,165.2
4652,2,160.2
4653,1,173.4
4654,2,162.1
4655,1,168.6
4656,2,156.7
4657,2,165.4
4658,2,175.7
4659,2,166.6
4660,1,169.9
4661,2,164.5
4662,1,162.4
4663,2,153.2
4664,2,160
4665,2,158
4666,1,172.5
4667,2,156.2
4668,1,173.5
4669,2,146.8
4670,1,173.2
4671,2,157.2
4672,2,159.2
4673,2,158.3
4674,1,178.1
4675,2,163.3
4676,2,160.5
4677,1,172
4678,2,160.1
4679,1,167.3
4680,2,148.4
4681,2,152
4682,2,154.4
4683,1,177.2
4684,2,157.2
4685,1,184.7
4686,2,166.8
4687,1,183
4688,2,174
4689,1,171
4690,2,158.2
4691,1,166.8
4692,2,160.1
4693,1,173.3
4694,2,152
4695,1,181.2
4696,2,163.1
4697,1,158.6
4698,2,148.9
4699,1,165
4700,2,153.5
4701,1,173.3
4702,2,151.3
4703,2,156.9
4704,1,168.9
4705,2,150.4
4706,2,152.4
4707,1,181.9
4708,2,156.3
4709,1,163.5
4710,2,160.1
4711,1,180.6
4712,1,171
4713,1,158.4
4714,2,154.1
4715,1,172.8
4716,2,154.7
4717,1,163.3
4718,1,169.5
4719,2,159.5
4720,1,171.2
4721,1,166.7
4722,2,163.4
4723,1,160.2
4724,2,157.6
4725,1,182.5
4726,2,165.3
4727,1,164.3
4728,2,162.1
4729,1,174.7
4730,2,160.7
4731,1,175.4
4732,2,166.7
4733,1,173.8
4734,2,169.2
4735,2,174.4
4736,1,170.4
4737,2,161.3
4738,1,173.1
4739,2,158.2
4740,1,164.3
4741,2,152
4742,1,167.8
4743,2,161.4
4744,2,158
4745,1,171.5
4746,2,162.7
4747,1,173
4748,2,153.1
4749,2,162.3
4750,1,174.5
4751,2,154.9
4752,1,176.4
4753,2,163.7
4754,1,172
4755,1,167.8
4756,2,159.8
4757,1,172.5
4758,2,157
4759,1,166.9
4760,2,162.3
4761,1,170
4762,2,159.3
4763,1,169.2
4764,2,166.1
4765,2,152.4
4766,1,171.2
4767,2,166.9
4768,1,177.1
4769,2,161
4770,1,177.9
4771,2,158
4772,2,163
4773,1,166.7
4774,1,165.5
4775,2,149.9
4776,1,169.5
4777,2,157.3
4778,1,165.2
4779,2,155.9
4780,2,164.1
4781,1,177.7
4782,1,159
4783,1,170.4
4784,1,171.2
4785,1,173.1
4786,2,159.1
4787,1,173.4
4788,2,170.1
4789,1,167.4
4790,2,167.2
4791,1,171.3
4792,2,163.3
4793,1,168.4
4794,2,157.1
4795,2,160.2
4796,1,155.3
4797,1,168.1
4798,2,162.7
4799,1,175
4800,2,163
4801,2,153.1
4802,2,158.1
4803,2,160.5
4804,2,153.7
4805,1,171.5
4806,2,160.2
4807,2,159.9
4808,1,153.1
4809,2,149.2
4810,2,151.9
4811,2,159.1
4812,1,162.8
4813,1,150.1
4814,1,174.2
4815,2,163.3
4816,1,164.1
4817,2,160.3
4818,2,151.7
4819,1,165.4
4820,2,155.7
4821,1,165.3
4822,2,140.5
4823,1,176
4824,2,159
4825,2,155.1
4826,1,170.2
4827,1,171
4828,1,167.2
4829,2,150.7
4830,2,161.6
4831,1,166
4832,1,170.7
4833,1,154.6
4834,2,161.2
4835,2,155.9
4836,1,177.1
4837,2,153.8
4838,2,164.3
4839,1,169.3
4840,2,157.8
4841,2,158.4
4842,1,170.4
4843,2,160.2
4844,1,180.2
4845,1,162.7
4846,2,168.4
4847,1,174.5
4848,2,155.3
4849,2,165.3
4850,2,162.4
4851,1,177.3
4852,2,163
4853,1,167.4
4854,1,163.5
4855,2,161.5
4856,1,170.2
4857,2,150.3
4858,1,164.3
4859,2,158.3
4860,2,160.4
4861,2,168.4
4862,2,163
4863,1,174.5
4864,2,158.3
4865,2,159.7
4866,1,170.2
4867,1,173.3
4868,2,151.6
4869,1,179.9
4870,1,168.4
4871,2,164.5
4872,1,153.8
4873,1,153.5
4874,2,145.8
4875,1,169.3
4876,2,155.3
4877,1,187.1
4878,1,173.6
4879,1,181
4880,1,165.7
4881,2,164.6
4882,1,168.8
4883,2,160.8
4884,1,165.4
4885,2,161.6
4886,1,165.3
4887,2,156.4
4888,1,158
4889,2,165
4890,1,178
4891,2,170.9
4892,1,157.9
4893,1,153.8
4894,2,165
4895,1,171
4896,1,173.4
4897,2,157.7
4898,2,153
4899,1,163.9
4900,2,144.8
4901,2,153.3
4902,1,165.8
4903,1,173.3
4904,1,160
4905,2,155.2
4906,1,172.8
4907,2,157.6
4908,2,154
4909,1,150.9
4910,2,152.9
4911,1,163.8
4912,2,162
4913,1,168.9
4914,2,156.3
4915,2,163.4
4916,1,174.8
4917,2,169.2
4918,1,166.6
4919,2,163.5
4920,1,168.6
4921,2,158.4
4922,1,174.5
4923,2,164.8
4924,1,171
4925,2,156.2
4926,1,165.7
4927,1,170.3
4928,2,160.4
4929,1,163.5
4930,2,157.5
4931,1,165.4
4932,2,149
4933,1,174.5
4934,2,159.4
4935,1,158.4
4936,1,177.5
4937,2,162.1
4938,1,174.6
4939,2,166.4
4940,1,171.4
4941,1,168.4
4942,2,155.6
4943,1,163.6
4944,2,154.7
4945,1,168.4
4946,2,156.5
4947,1,163.2
4948,2,165.4
4949,2,162.2
4950,1,167.1
4951,1,172.2
4952,2,156.4
4953,1,172.3
4954,2,155.6
4955,1,170.2
4956,2,161
4957,1,172.5
4958,2,160.2
4959,1,160.4
4960,2,153.7
4961,2,150.4
4962,1,164.8
4963,1,177.6
4964,2,159.5
4965,1,170.1
4966,2,150.9
4967,2,158.2
4968,1,176.7
4969,2,147.6
4970,1,174.9
4971,2,165.3
4972,1,158.7
4973,2,149.8
4974,2,157.2
4975,1,168.1
4976,2,160.2
4977,1,172.8
4978,2,158.8
4979,2,153.5
4980,1,174.2
4981,1,174.1
4982,2,153
4983,1,164.6
4984,2,154.2
4985,2,162.7
4986,1,169.2
4987,2,153.1
4988,2,157.8
4989,1,170.5
4990,2,158
4991,1,162.9
4992,1,165.5
4993,2,162
4994,2,156.1
4995,1,171.2
4996,2,158.4
4997,1,160
4998,2,152.8
4999,2,145.2
5000,2,156.5
5001,1,176.7
5002,2,167.9
5003,2,162.6
5004,2,161.9
5005,1,165.1
5006,2,151.8
5007,2,158.4
5008,1,172.8
5009,2,154.7
5010,2,160
5011,2,149.5
5012,1,180.5
5013,1,164.7
5014,2,154.2
5015,1,166.5
5016,2,158.8
5017,2,164.5
5018,1,176.7
5019,2,157.8
5020,1,155.6
5021,2,158.6
5022,2,161.5
5023,1,172.5
5024,2,157.5
5025,2,147.1
5026,1,173.7
5027,1,154.7
5028,2,155.2
5029,1,172.6
5030,2,159.4
5031,1,159.2
5032,2,156.9
5033,1,167.3
5034,2,150.1
5035,2,159.2
5036,1,172
5037,1,154.1
5038,2,163.7
5039,1,168.2
5040,2,155.2
5041,1,170.2
5042,2,150.4
5043,2,160.3
5044,1,162
5045,2,162.2
5046,1,172
5047,1,173.2
5048,2,160.7
5049,1,168.1
5050,2,156.4
5051,1,172.6
5052,2,159.9
5053,2,156.3
5054,1,178.1
5055,1,169.1
5056,2,144.7
5057,1,162.8
5058,2,160.1
5059,2,160.2
5060,2,155.1
5061,1,168.3
5062,1,172
5063,2,157.8
5064,2,168.3
5065,1,166.3
5066,2,144.3
5067,1,172
5068,1,170.3
5069,2,150.1
5070,1,177.4
5071,2,154.2
5072,1,170.4
5073,2,160.2
5074,1,165.8
5075,2,155.5
5076,2,157.8
5077,2,168.9
5078,1,174
5079,2,155.4
5080,2,162
5081,1,172.9
5082,2,150.3
5083,2,159.5
5084,2,159.6
5085,1,172.2
5086,2,161.2
5087,2,159.3
5088,2,152.3
5089,2,159.3
5090,2,163.4
5091,2,160.2
5092,1,165.5
5093,2,163.7
5094,1,170.4
5095,2,162.4
5096,2,159.8
5097,1,162.5
5098,2,149.2
5099,2,155.6
5100,1,170.3
5101,2,150.2
5102,1,163.4
5103,2,160.1
5104,2,160.2
5105,1,182.5
5106,2,159
5107,1,181
5108,1,181
5109,1,169.4
5110,2,150
5111,1,169.1
5112,1,167.4
5113,2,161.2
5114,2,153.4
5115,2,160.2
5116,2,153.1
5117,2,167.8
5118,1,167.1
5119,2,157
5120,1,158.4
5121,2,162.5
5122,1,170.1
5123,2,160.1
5124,2,175.1
5125,1,161.6
5126,2,157.8
5127,2,150.5
5128,2,161.2
5129,1,165.3
5130,2,155.1
5131,1,165.2
5132,2,162
5133,1,161.4
5134,2,154.7
5135,2,157.1
5136,2,157.7
5137,2,152.5
5138,1,170.1
5139,1,162.7
5140,2,158.8
5141,1,171.1
5142,2,154.1
5143,1,175
5144,2,161.4
5145,1,167.8
5146,2,163.8
5147,2,154.8
5148,1,165.8
5149,2,147.7
5150,1,155.3
5151,2,147.6
5152,1,154.5
5153,2,157.2
5154,1,163.2
5155,2,160.7
5156,2,161.3
5157,2,155
5158,1,164.5
5159,2,162.4
5160,2,160.5
5161,1,166.7
5162,2,163.5
5163,1,173.4
5164,2,162
5165,1,171.9
5166,1,173.8
5167,1,151.4
5168,2,163.5
5169,1,160.2
5170,1,158.3
5171,1,169.4
5172,2,151.9
5173,1,154.5
5174,2,149.5
5175,2,148.6
5176,1,150.2
5177,2,152.1
5178,2,160.1
5179,1,160.1
5180,1,157.4
5181,2,155.2
5182,1,175.1
5183,2,155.2
5184,2,145.4
5185,1,146.4
5186,2,155.2
5187,1,166.6
5188,2,150.4
5189,2,150.9
5190,2,153.5
5191,1,159
5192,2,144.6
5193,1,161.7
5194,1,160.9
5195,1,169.7
5196,1,164
5197,2,154.9
5198,1,173.3
5199,2,158.6
5200,1,168.9
5201,2,159.5
5202,2,158.1
5203,1,177.3
5204,2,148.2
5205,1,165.7
5206,2,153
5207,1,163.4
5208,1,161.4
5209,2,159.7
5210,2,157.2
5211,1,157
5212,2,154.7
5213,1,163.4
5214,1,161
5215,1,174.1
5216,1,181
5217,1,162.3
5218,2,156
5219,2,155.4
5220,1,155.4
5221,1,165.5
5222,2,158.7
5223,1,159.5
5224,2,158.4
5225,1,168
5226,2,161.2
5227,1,167.8
5228,2,152.3
5229,1,175.3
5230,2,158.8
5231,1,173
5232,1,157.3
5233,2,150.2
5234,1,171.2
5235,2,157.2
5236,1,180.1
5237,1,175
5238,2,160
5239,2,158.1
5240,1,165.3
5241,2,150.1
5242,2,154.9
5243,1,174.3
5244,2,168.3
5245,1,170
5246,2,156.4
5247,1,177.5
5248,1,184.4
5249,1,172.9
5250,2,153.4
5251,1,155
5252,2,155.8
5253,1,174.3
5254,2,156.6
5255,1,173.8
5256,2,154.2
5257,1,177.7
5258,2,160.6
5259,1,173.1
5260,2,164.3
5261,2,156.1
5262,1,172
5263,2,162
5264,1,178.6
5265,2,164.3
5266,1,168.3
5267,1,161.5
5268,2,155.4
5269,2,162.6
5270,1,170.3
5271,1,160.7
5272,2,159.4
5273,1,174.4
5274,2,154.5
5275,2,161.1
5276,1,172.6
5277,2,149.8
5278,2,159.8
5279,1,163.5
5280,2,156.4
5281,2,161.2
5282,2,163
5283,1,169.9
5284,2,153
5285,2,169.5
5286,1,160.9
5287,2,150.2
5288,1,175.3
5289,1,162.5
5290,2,153.2
5291,1,153.4
5292,2,157.5
5293,2,140.1
5294,1,164.2
5295,2,158.2
5296,1,166.5
5297,2,152.9
5298,1,165.8
5299,2,156.5
5300,1,155.3
5301,2,152.2
5302,1,156.6
5303,2,143.1
5304,1,175.5
5305,1,168.4
5306,2,150.1
5307,1,156.3
5308,2,152.4
5309,1,165.4
5310,2,152.5
5311,1,170.5
5312,2,160.8
5313,1,177.3
5314,2,154.7
5315,1,168.2
5316,1,155.4
5317,2,149.9
5318,2,158.3
5319,1,155.4
5320,2,144.2
5321,2,148.3
5322,1,160.5
5323,2,146.3
5324,1,156.7
5325,2,148.1
5326,1,171.3
5327,2,153.2
5328,1,157.1
5329,2,139.2
5330,1,170.6
5331,1,170.8
5332,1,176.2
5333,2,160.6
5334,1,167.8
5335,2,147.7
5336,1,162.3
5337,2,161.6
5338,1,170.1
5339,2,153.8
5340,1,167.4
5341,2,150
5342,1,170.1
5343,2,156
5344,2,164
5345,1,155.8
5346,2,153.8
5347,2,154.2
5348,1,170.3
5349,2,149.2
5350,1,178.1
5351,2,150.6
5352,1,164.5
5353,1,157.5
5354,2,154.1
5355,1,160.5
5356,2,157.8
5357,1,170.2
5358,2,160.3
5359,1,171.7
5360,2,156
5361,1,181.1
5362,2,157.7
5363,1,167.1
5364,2,153.4
5365,1,160.5
5366,2,158.1
5367,1,175.2
5368,2,153.8
5369,1,172.8
5370,2,170.1
5371,1,173
5372,2,171
5373,2,160.1
5374,2,156.2
5375,1,166.5
5376,2,158.2
5377,1,169.3
5378,2,163.7
5379,1,168.9
5380,1,169.4
5381,2,157.8
5382,2,151.6
5383,1,167.9
5384,1,173
5385,1,172.5
5386,2,165.8
5387,1,165
5388,2,154.5
5389,1,169.9
5390,2,149.6
5391,1,167
5392,2,162.2
5393,1,164.2
5394,2,157.2
5395,1,179.8
5396,2,159
5397,1,173.8
5398,2,152
5399,2,169.2
5400,1,172.2
5401,2,159.7
5402,1,175
5403,2,162.5
5404,1,170.1
5405,2,158.6
5406,1,179.1
5407,2,153.6
5408,1,173.1
5409,2,160.3
5410,1,167.8
5411,2,148.9
5412,1,182.7
5413,1,164.8
5414,2,162
5415,1,167.1
5416,2,151.1
5417,1,176.9
5418,2,159.7
5419,1,177.9
5420,2,171.6
5421,1,179.1
5422,2,150.6
5423,1,168.5
5424,2,155.6
5425,1,173.3
5426,2,161.6
5427,1,177
5428,2,153.7
5429,2,157.6
5430,1,161.1
5431,2,149.4
5432,2,154.7
5433,2,156
5434,1,176.8
5435,2,156.3
5436,1,167.5
5437,2,154.8
5438,1,169.1
5439,2,166
5440,1,179.8
5441,2,166.7
5442,2,165.8
5443,1,177.5
5444,2,165.2
5445,1,171.5
5446,2,153.5
5447,1,165
5448,2,163.9
5449,1,181.1
5450,2,163
5451,2,152.2
5452,1,173.9
5453,2,162.1
5454,2,165.8
5455,1,151
5456,2,156
5457,1,165.8
5458,2,152.4
5459,2,159.4
5460,1,169
5461,2,151.5
5462,1,166.8
5463,2,147.5
5464,1,165
5465,1,165.7
5466,2,145.3
5467,1,168.4
5468,1,159.1
5469,2,150.6
5470,1,176.6
5471,2,152
5472,1,171
5473,2,151.5
5474,2,154
5475,1,172.8
5476,2,156.2
5477,1,165.5
5478,2,156.4
5479,1,170.4
5480,1,155.2
5481,2,159
5482,1,161.4
5483,1,166.5
5484,2,152.2
5485,2,151.9
5486,2,164.2
5487,1,180.1
5488,2,151.7
5489,2,156.8
5490,1,172.2
5491,2,131
5492,1,165.7
5493,2,159
5494,1,165.8
5495,2,152.2
5496,1,177.5
5497,1,170.2
5498,1,162.6
5499,2,165.7
5500,1,168
5501,2,150.5
5502,1,161.4
5503,2,151.3
5504,1,169.7
5505,2,165.7
5506,1,162.1
5507,1,176.6
5508,2,162.8
5509,1,173.5
5510,1,170.3
5511,2,149.7
5512,1,172.1
5513,2,150.8
5514,1,164.3
5515,1,182
5516,1,180.2
5517,2,162.4
5518,1,159.9
5519,2,156.1
5520,1,172.3
5521,1,177.5
5522,1,176
5523,1,167
5524,2,160
5525,2,152.4
5526,1,170.9
5527,2,147.4
5528,2,157.5
5529,1,163.2
5530,2,154.8
5531,1,172.9
5532,2,163.4
5533,1,166
5534,2,160.4
5535,2,166.4
5536,1,168
5537,2,158
5538,1,166.5
5539,2,164.8
5540,2,163.2
5541,2,157.1
5542,1,174
5543,2,149.8
5544,2,155.8
5545,2,152.7
5546,1,170.6
5547,1,169
5548,2,160.7
5549,1,177
5550,2,160.4
5551,1,171.7
5552,2,151.2
5553,1,170.4
5554,2,151
5555,1,169.5
5556,1,160.5
5557,2,153.5
5558,2,165.1
5559,2,158
5560,1,175
5561,1,166.9
5562,2,156.9
5563,2,153.6
5564,1,169
5565,2,162
5566,1,179.5
5567,1,159.2
5568,2,158
5569,1,162.1
5570,2,160.8
5571,1,171.1
5572,2,159.4
5573,2,158.1
5574,2,156.5
5575,1,169.9
5576,2,157.4
5577,1,177
5578,1,172.1
5579,2,153.6
5580,2,161.2
5581,2,159.3
5582,1,174.1
5583,2,157.6
5584,2,155.5
5585,2,156.7
5586,1,168
5587,1,169.3
5588,2,170.5
5589,2,165.6
5590,1,167.6
5591,2,162.7
5592,2,158.1
5593,2,162.5
5594,2,156.5
5595,1,173.5
5596,2,171.4
5597,1,171.4
5598,2,162.8
5599,1,171.4
5600,2,156.8
5601,1,167.5
5602,2,165.5
5603,1,182.5
5604,1,164.4
5605,2,152.7
5606,2,151.5
5607,2,160.5
5608,2,155.9
5609,2,168.7
5610,1,184
5611,1,162.7
5612,2,163.4
5613,1,163.3
5614,2,154.5
5615,1,164.6
5616,2,148.7
5617,1,165.2
5618,2,155.6
5619,2,162.4
5620,1,167
5621,2,159.5
5622,2,153
5623,1,172.7
5624,2,152.5
5625,1,175.7
5626,2,157.9
5627,1,175
5628,2,148.2
5629,2,157.5
5630,2,162.6
5631,1,171.4
5632,2,157.5
5633,1,155.6
5634,2,150
5635,1,165.1
5636,1,178.9
5637,2,157.5
5638,2,160.7
5639,2,166.1
5640,1,170.5
5641,2,160
5642,1,170.8
5643,2,163.4
5644,1,176.4
5645,2,171.3
5646,1,177.4
5647,2,163.2
5648,1,178
5649,2,158.1
5650,1,158.4
5651,2,154.8
5652,1,163.8
5653,2,154.7
5654,1,168.6
5655,1,170
5656,2,155.1
5657,1,169.9
5658,2,157.9
5659,1,174.3
5660,2,153.9
5661,1,184.9
5662,2,162.8
5663,2,168
5664,1,163.6
5665,2,157.8
5666,1,179.8
5667,2,159.1
5668,1,176
5669,2,160.7
5670,1,167.2
5671,1,167.9
5672,2,154.6
5673,1,172.2
5674,1,167.8
5675,2,168.5
5676,1,165.1
5677,2,151.9
5678,1,172.9
5679,1,160.4
5680,2,144.9
5681,1,163
5682,2,155.1
5683,1,167.2
5684,1,164.2
5685,2,156.7
5686,1,181.1
5687,1,171.5
5688,2,154.7
5689,1,183.3
5690,2,160.1
5691,2,159.7
5692,2,148.7
5693,1,159.2
5694,2,151.7
5695,2,157.2
5696,1,168.2
5697,2,147.5
5698,1,168
5699,2,161.6
5700,1,163.6
5701,2,154.3
5702,2,168.2
5703,1,170.5
5704,1,169.2
5705,2,160.5
5706,1,167.1
5707,2,152.4
5708,1,172.2
5709,2,155.9
5710,1,159.7
5711,1,158.1
5712,2,152.2
5713,1,158.5
5714,2,152
5715,1,159
5716,2,155.3
5717,1,163.5
5718,2,155.6
5719,1,169.5
5720,1,164.7
5721,2,156.1
5722,2,156
5723,1,165.8
5724,1,169.7
5725,2,154.5
5726,1,169.7
5727,1,174.9
5728,2,153
5729,1,168.9
5730,1,163.3
5731,2,155.9
5732,1,169.4
5733,2,161
5734,2,165.2
5735,2,157.2
5736,1,164.3
5737,2,161.2
5738,1,173.6
5739,2,148.2
5740,2,156.2
5741,1,168.4
5742,2,157.8
5743,2,162.4
5744,1,166.9
5745,2,156.1
5746,2,158.2
5747,2,160.5
5748,2,165.2
5749,1,182.1
5750,2,162.6
5751,1,163.9
5752,2,146.2
5753,1,175.6
5754,2,156.7
5755,1,171.4
5756,2,161.8
5757,1,180.7
5758,1,173.9
5759,2,161
5760,1,168.6
5761,2,147.3
5762,2,161.9
5763,1,175.3
5764,2,151.3
5765,1,164.7
5766,2,151.5
5767,1,165.3
5768,1,167.5
5769,2,159.2
5770,1,165.2
5771,2,157.9
5772,1,172.1
5773,2,153.8
5774,1,177.4
5775,2,158.2
5776,2,165.5
5777,2,156.5
5778,2,150.7
5779,1,171.3
5780,2,161.8
5781,2,160.4
5782,1,176
5783,2,159.8
5784,1,167.4
5785,2,159.8
5786,2,160.2
5787,2,157.9
5788,2,157.2
5789,2,150.4
5790,1,171.1
5791,2,163.1
5792,1,170.6
5793,2,145.2
5794,2,151.2
5795,1,170.4
5796,1,167.1
5797,2,154.1
5798,2,161.4
5799,2,158.4
5800,1,170.4
5801,2,163.9
5802,1,160.4
5803,2,155.6
5804,1,171.6
5805,2,153.7
5806,2,154.5
5807,2,164.4
5808,2,148.4
5809,2,163.6
5810,1,172.9
5811,2,158
5812,1,170.7
5813,2,161.5
5814,2,160.6
5815,1,168.6
5816,2,160.9
5817,2,158.5
5818,2,145.7
5819,1,180
5820,2,157.4
5821,2,160.6
5822,1,167
5823,2,158.3
5824,1,171.9
5825,1,173.6
5826,1,175.2
5827,2,157.3
5828,1,168.5
5829,1,171.1
5830,2,158.2
5831,1,152.7
5832,2,159.8
5833,1,167.3
5834,1,153.7
5835,2,158.4
5836,1,174.5
5837,2,155.5
5838,1,158.5
5839,2,152
5840,2,162
5841,2,153.4
5842,1,172.5
5843,1,160
5844,2,145.1
5845,2,146.3
5846,2,156.7
5847,2,150.9
5848,2,158.7
5849,1,173.5
5850,2,158.1
5851,1,185.5
5852,1,171.9
5853,1,170.4
5854,2,156.7
5855,1,171.7
5856,1,176.8
5857,1,164.8
5858,1,164.1
5859,2,154.3
5860,1,172
5861,2,145.1
5862,2,155.5
5863,1,159.6
5864,2,153.4
5865,1,165.4
5866,2,151.7
5867,1,168
5868,2,146.1
5869,1,170.6
5870,2,153.7
5871,1,175.9
5872,1,162.2
5873,2,151.2
5874,1,170.2
5875,2,154.8
5876,1,180.3
5877,1,165.8
5878,2,150.9
5879,2,162
5880,1,173.7
5881,2,151.5
5882,1,165.7
5883,2,151.1
5884,1,176.2
5885,2,161.2
5886,1,170.2
5887,2,157.7
5888,1,170.6
5889,2,151
5890,1,167.3
5891,2,155.3
5892,2,154.4
5893,1,175.1
5894,2,157.1
5895,2,152.8
5896,2,160.8
5897,1,164.6
5898,2,158.1
5899,1,160.8
5900,2,162.9
5901,1,163.5
5902,2,156.5
5903,1,163.3
5904,2,150.9
5905,1,178.2
5906,2,156.3
5907,2,149.1
5908,1,169.8
5909,2,149.6
5910,2,155.4
5911,1,162
5912,2,144.9
5913,1,169.9
5914,2,157
5915,2,146.9
5916,2,151.3
5917,1,165.4
5918,2,158.9
5919,2,148
5920,2,151.9
5921,1,172.4
5922,2,158.9
5923,2,166.1
5924,1,169.8
5925,2,160.8
5926,2,157.4
5927,1,171.3
5928,2,154.5
5929,2,163.6
5930,1,167.9
5931,1,171.5
5932,2,145.3
5933,1,157.5
5934,1,178.2
5935,1,166.9
5936,2,154.5
5937,1,167.3
5938,2,155
5939,1,172.5
5940,2,153.4
5941,1,173.4
5942,1,168.7
5943,2,144.1
5944,2,154.4
5945,1,165.7
5946,1,168
5947,2,153.9
5948,2,149.8
5949,2,151.9
5950,1,175.4
5951,2,150.5
5952,2,157.1
5953,1,174.4
5954,2,156
5955,1,171.6
5956,2,165.7
5957,2,166.6
5958,1,175.2
5959,1,168.9
5960,2,148.5
5961,1,156.8
5962,2,156.2
5963,1,164.9
5964,2,155.5
5965,1,168.3
5966,2,155.8
5967,2,160.2
5968,1,173
5969,2,150.6
5970,1,166.8
5971,2,153.5
5972,1,169
5973,1,168.5
5974,2,146.2
5975,1,170.2
5976,2,149.4
5977,2,153.4
5978,1,163.4
5979,2,147.5
5980,1,140.2
5981,2,155.8
5982,2,149.9
5983,1,161.2
5984,2,157.4
5985,1,168.2
5986,2,155.5
5987,2,153.4
5988,1,162.3
5989,2,158.8
5990,1,165.9
5991,1,166.8
5992,1,157.2
5993,2,148
5994,2,144.7
5995,1,160.1
5996,2,154.2
5997,1,170.9
5998,2,155.4
5999,1,168.1
6000,2,157.3
6001,2,148
6002,1,168.5
6003,2,164.4
6004,1,175.1
6005,1,160.5
6006,2,157.3
6007,1,171
6008,2,148.1
6009,1,166.9
6010,1,158.3
6011,2,149.8
6012,2,152.3
6013,1,170.3
6014,2,153.7
6015,1,165.7
6016,2,150
6017,2,149.9
6018,1,163.6
6019,2,164.3
6020,1,168.2
6021,1,166.3
6022,2,159.9
6023,1,165.8
6024,2,151.2
6025,2,146
6026,2,151.5
6027,1,167.9
6028,2,150.8
6029,1,159.6
6030,2,149.4
6031,1,170.5
6032,2,157.4
6033,1,163.9
6034,2,150.9
6035,1,160.5
6036,2,154.7
6037,1,172.9
6038,2,160.2
6039,1,182.6
6040,1,173.7
6041,2,153.3
6042,2,147.2
6043,1,166.3
6044,2,140
6045,1,170.2
6046,2,152.7
6047,2,147.7
6048,1,166.7
6049,2,160.7
6050,2,151.5
6051,1,160.1
6052,2,149.4
6053,1,174.3
6054,2,153.9
6055,2,148.6
6056,2,158.9
6057,1,165.1
6058,2,149
6059,2,144.6
6060,1,170.1
6061,2,160.8
6062,2,153.5
6063,1,155.8
6064,2,146.5
6065,2,153.2
6066,1,168.8
6067,2,155.3
6068,1,164.4
6069,2,147
6070,2,157.4
6071,2,157.4
6072,2,151
6073,2,158
6074,1,166.8
6075,2,155.1
6076,1,178.8
6077,2,165.3
6078,1,160.5
6079,1,167.3
6080,2,151.7
6081,1,156.7
6082,2,158
6083,2,145.6
6084,1,175.7
6085,2,162.1
6086,2,153.9
6087,1,180.8
6088,1,172.3
6089,2,155
6090,2,131.9
6091,1,173.4
6092,2,147.8
6093,1,162.5
6094,1,175.2
6095,2,160.5
6096,1,166.8
6097,2,152.7
6098,2,163.7
6099,2,157.6
6100,1,158.7
6101,2,153.7
6102,1,169.5
6103,2,150.2
6104,2,155.7
6105,2,158.2
6106,2,160.9
6107,2,153.4
6108,1,169.5
6109,1,169.4
6110,2,154
6111,1,166.5
6112,2,166.5
6113,1,165.6
6114,2,150.8
6115,1,171.3
6116,2,171.7
6117,1,172.6
6118,2,162.5
6119,1,165.4
6120,2,156.5
6121,1,178
6122,2,150.9
6123,1,180.7
6124,2,153.5
6125,1,165.2
6126,2,157.5
6127,2,162.8
6128,1,181.9
6129,2,158.6
6130,1,164.8
6131,2,162.4
6132,1,175.3
6133,2,153.2
6134,1,174.4
6135,1,173.9
6136,2,154.5
6137,2,165
6138,1,168.4
6139,2,155.1
6140,1,157.4
6141,2,155.5
6142,1,168.6
6143,1,170.8
6144,1,172.7
6145,2,149.8
6146,2,153.5
6147,1,173.6
6148,2,156.3
6149,2,172.5
6150,1,178.9
6151,1,167.5
6152,2,152.1
6153,1,166.9
6154,2,159.4
6155,2,148.1
6156,2,155.7
6157,2,154.5
6158,1,175.1
6159,2,160.4
6160,2,143.5
6161,1,172
6162,2,157
6163,1,171.2
6164,2,156.7
6165,1,164.2
6166,2,151.3
6167,1,169.3
6168,2,159.1
6169,1,180.9
6170,2,152.8
6171,1,167
6172,2,159.2
6173,2,153.6
6174,2,166.4
6175,1,168.5
6176,2,154.5
6177,1,170.8
6178,1,173.2
6179,2,153.4
6180,1,171.3
6181,2,157.2
6182,1,165.4
6183,2,152.2
6184,1,178.4
6185,2,155.2
6186,2,155.9
6187,1,182
6188,2,171.3
6189,2,159.1
6190,1,169.1
6191,2,157.5
6192,2,153.5
6193,1,171.5
6194,2,145.7
6195,1,182.3
6196,2,155.3
6197,1,170.3
6198,2,159.5
6199,1,171.3
6200,2,163.9
6201,1,174.5
6202,2,162.1
6203,1,178.5
6204,2,158.1
6205,1,172
6206,2,159.5
6207,1,167.6
6208,2,158.6
6209,1,172.1
6210,1,170.9
6211,2,162.4
6212,1,163.9
6213,2,157.6
6214,1,172.4
6215,2,159.5
6216,1,167.1
6217,2,163.7
6218,1,162.5
6219,2,159.3
6220,1,172.2
6221,2,169.9
6222,1,169.5
6223,2,154.1
6224,2,158.2
6225,2,161.8
6226,2,158.2
6227,1,176.2
6228,1,173.4
6229,1,177.2
6230,2,156.2
6231,1,166.7
6232,1,178.4
6233,2,160.1
6234,2,151.2
6235,1,167.2
6236,1,176
6237,2,158.6
6238,2,162.2
6239,2,162.3
6240,1,171
6241,1,160.3
6242,2,156.8
6243,1,171.6
6244,1,172.5
6245,2,151.7
6246,2,163.4
6247,1,180.2
6248,1,165.4
6249,2,154.2
6250,1,167.8
6251,1,167.3
6252,2,155.5
6253,2,165.8
6254,1,175.2
6255,1,165.2
6256,2,153.5
6257,1,167
6258,2,160.9
6259,1,178.2
6260,2,170.3
6261,1,176.1
6262,1,170
6263,2,153.5
6264,1,156.6
6265,2,159.1
6266,1,167.5
6267,2,148
6268,1,157.9
6269,1,162.6
6270,2,153.9
6271,2,144.6
6272,1,168.9
6273,2,159.5
6274,1,170.5
6275,2,151.5
6276,2,165.7
6277,1,165.7
6278,2,154.1
6279,1,167.9
6280,2,158.1
6281,2,150.1
6282,2,157.8
6283,2,160.2
6284,1,170.2
6285,2,159.5
6286,1,172.7
6287,2,155.1
6288,1,171
6289,2,154.2
6290,2,150.9
6291,1,172.3
6292,2,161.7
6293,1,166.3
6294,1,169.2
6295,2,155.8
6296,1,161.4
6297,2,150.7
6298,1,159.5
6299,1,154.3
6300,2,147.3
6301,1,174.1
6302,2,156.6
6303,1,173.5
6304,2,154.4
6305,1,159.7
6306,2,142.2
6307,2,155.5
6308,1,158.5
6309,1,168.3
6310,2,149.9
6311,2,152.1
6312,1,160.9
6313,2,155.1
6314,2,150.2
6315,1,166
6316,2,150.1
6317,1,157.1
6318,2,152.1
6319,2,158.3
6320,2,154.6
6321,1,172.3
6322,2,155.4
6323,1,168.2
6324,2,147.6
6325,1,165.1
6326,2,150.5
6327,1,162.2
6328,2,158.9
6329,2,155.5
6330,2,157.3
6331,1,170.9
6332,2,154.7
6333,2,148.9
6334,1,162.5
6335,2,147.8
6336,2,162.7
6337,1,167.5
6338,2,154.3
6339,1,167.4
6340,2,161.4
6341,1,163.3
6342,2,156.8
6343,1,172.3
6344,2,160.5
6345,2,149.8
6346,1,165.6
6347,2,159.2
6348,1,178.9
6349,2,156.7
6350,1,171.2
6351,1,165.8
6352,2,146.6
6353,1,167.6
6354,1,170.9
6355,1,166.8
6356,2,150.5
6357,1,172.5
6358,2,152.3
6359,2,158.6
6360,1,166.2
6361,2,153.6
6362,1,165.5
6363,2,151.6
6364,1,167.2
6365,2,154.6
6366,2,160.2
6367,1,161.2
6368,2,155.5
6369,1,173.8
6370,1,164.3
6371,2,150.1
6372,2,156.6
6373,1,166.7
6374,2,159.1
6375,2,164.3
6376,1,173.4
6377,2,150.2
6378,2,157.1
6379,1,170.1
6380,2,150.6
6381,1,155.1
6382,1,164.6
6383,1,163
6384,2,154
6385,1,170.4
6386,2,156.8
6387,1,172.2
6388,2,155.7
6389,1,167.7
6390,2,151.4
6391,2,147.3
6392,1,168.6
6393,1,166.9
6394,2,156.3
6395,1,171
6396,2,159.1
6397,2,151.4
6398,1,174.8
6399,2,157.6
6400,1,158.1
6401,2,156.7
6402,1,166.8
6403,2,165.2
6404,2,153.6
6405,1,167.7
6406,2,155.4
6407,2,146.9
6408,1,171.4
6409,2,154.2
6410,1,170.1
6411,2,155.2
6412,2,156.5
6413,1,170.2
6414,2,152.8
6415,1,175.3
6416,2,150.6
6417,1,170.3
6418,2,150.5
6419,1,174.5
6420,2,162.4
6421,1,172.5
6422,1,172.5
6423,2,151.6
6424,1,165.4
6425,2,149.9
6426,1,171.7
6427,2,156.4
6428,1,187.5
6429,2,159.1
6430,1,170.4
6431,2,151.8
6432,1,169.2
6433,2,158.7
6434,1,163.1
6435,2,159.1
6436,1,161.2
6437,2,160.2
6438,2,164.1
6439,1,175.7
6440,2,162.4
6441,1,173.5
6442,2,155.1
6443,1,164.5
6444,2,150.9
6445,2,155.6
6446,1,175.1
6447,2,159.6
6448,1,177
6449,2,156.4
6450,1,168.6
6451,2,157.6
6452,1,173
6453,1,166.8
6454,2,149.9
6455,1,168.9
6456,2,162.7
6457,1,166.2
6458,2,156.3
6459,2,162.3
6460,2,161.2
6461,1,167.6
6462,2,148.3
6463,1,161.3
6464,1,180.1
6465,2,148.2
6466,1,175.5
6467,2,163.6
6468,2,162.1
6469,1,170.3
6470,2,157.2
6471,1,163.6
6472,2,160.2
6473,2,155.4
6474,1,173
6475,2,158.3
6476,2,164
6477,1,168.8
6478,2,154.4
6479,1,163.8
6480,2,150.8
6481,2,158.9
6482,1,176.6
6483,2,157.3
6484,2,164.8
6485,1,159.4
6486,2,147.4
6487,1,167.8
6488,2,148.4
6489,1,170.2
6490,1,172.7
6491,1,163.8
6492,2,158
6493,1,165.7
6494,2,157.3
6495,1,170.9
6496,2,155.7
6497,2,154.9
6498,1,173
6499,1,162.3
6500,2,151.2
6501,1,168.8
6502,2,158.4
6503,1,164.9
6504,2,154.2
6505,2,156.8
6506,1,173.4
6507,2,151.4
6508,1,170.3
6509,2,153.7
6510,1,166.2
6511,2,157.2
6512,1,170.8
6513,2,151.1
6514,1,162.3
6515,2,152.2
6516,2,154.2
6517,2,156.8
6518,1,191.2
6519,1,169.4
6520,2,147.5
6521,1,161.9
6522,2,153.9
6523,2,157
6524,2,153.8
6525,1,167.9
6526,1,169.9
6527,2,151.4
6528,2,154.8
6529,1,174.1
6530,2,163.9
6531,1,174.1
6532,2,156.4
6533,1,162.9
6534,2,155.1
6535,1,170.5
6536,1,175.2
6537,2,158.1
6538,1,171.9
6539,2,160.5
6540,1,168.3
6541,1,160.9
6542,2,154.6
6543,1,180.9
6544,2,156
6545,1,166.3
6546,2,160.1
6547,2,153.3
6548,1,174.3
6549,1,180.9
6550,1,169.9
6551,2,152.6
6552,1,178.8
6553,2,152.7
6554,1,169.3
6555,2,155.8
6556,1,164.9
6557,2,154.5
6558,1,163.2
6559,1,176.9
6560,2,152.8
6561,1,165.1
6562,2,162.1
6563,1,155.5
6564,2,165.8
6565,2,162.3
6566,1,171.5
6567,2,152.9
6568,2,147.8
6569,2,157.1
6570,2,155
6571,2,149
6572,2,151.4
6573,1,161.2
6574,2,161.2
6575,1,163.4
6576,2,158.4
6577,1,158.2
6578,2,149.3
6579,1,165
6580,2,148.1
6581,2,157
6582,2,143.5
6583,1,172.1
6584,1,164.9
6585,2,157.3
6586,1,164.6
6587,2,152.8
6588,1,170.5
6589,2,159.1
6590,2,157.2
6591,1,165.9
6592,2,156.2
6593,1,160.4
6594,2,150.8
6595,2,149.6
6596,2,153.7
6597,2,156.7
6598,1,161.8
6599,2,148.8
6600,1,161
6601,2,152.3
6602,1,168.5
6603,2,153.3
6604,1,169.8
6605,2,148.2
6606,2,153.7
6607,2,155.5
6608,2,158.7
6609,1,171.8
6610,2,153
6611,1,168.8
6612,1,164.1
6613,2,142.3
6614,1,173.8
6615,2,153.3
6616,1,174.9
6617,1,160.1
6618,2,153.6
6619,1,168
6620,2,158.9
6621,1,179
6622,1,162.6
6623,2,159.4
6624,1,162.3
6625,2,159.6
6626,2,152.7
6627,1,161.9
6628,2,161.5
6629,1,173.9
6630,2,155.7
6631,2,165
6632,1,184.3
6633,1,184.8
6634,2,147.3
6635,1,164.2
6636,2,154.9
6637,1,161.8
6638,2,150.3
6639,1,164
6640,2,152
6641,2,154.2
6642,1,184.9
6643,1,173.9
6644,2,160.4
6645,1,167.8
6646,2,154.8
6647,1,160.9
6648,2,154.6
6649,1,155.2
6650,2,153.1
6651,1,174.1
6652,2,156.6
6653,1,170.1
6654,2,152.3
6655,1,169.1
6656,1,173.1
6657,2,152.8
6658,1,171.9
6659,1,172.9
6660,2,161.5
6661,1,167.4
6662,2,156.8
6663,2,166.1
6664,1,172.7
6665,2,155.7
6666,1,164.7
6667,2,157.1
6668,1,171.1
6669,2,152.7
6670,1,168.8
6671,2,149.7
6672,2,146.1
6673,2,157.8
6674,2,155.1
6675,1,166.4
6676,2,148.8
6677,2,155.5
6678,1,174.3
6679,1,162.1
6680,1,167.8
6681,2,148.2
6682,1,182.8
6683,2,154.2
6684,1,168.5
6685,2,148.4
6686,1,173.2
6687,1,161.1
6688,2,144.9
6689,2,154
6690,2,145.8
6691,1,170.7
6692,1,167.2
6693,2,155.8
6694,2,158.3
6695,1,168.9
6696,2,145.2
6697,1,173.2
6698,2,148.7
6699,2,159.8
6700,2,164.1
6701,1,165.1
6702,1,145.4
6703,2,148.1
6704,1,161.5
6705,2,158.2
6706,2,161
6707,2,149.8
6708,1,162.2
6709,2,159.4
6710,1,163.2
6711,2,145.9
6712,1,160.3
6713,2,160.1
6714,1,169.4
6715,1,172.4
6716,1,169.5
6717,2,155.9
6718,1,177.3
6719,2,172.3
6720,1,170.1
6721,2,162.5
6722,2,166.7
6723,1,163.9
6724,2,152
6725,1,161.3
6726,2,156.9
6727,2,150.9
6728,1,172.4
6729,2,153.8
6730,1,167.3
6731,2,169
6732,1,167
6733,2,151.3
6734,1,172.1
6735,2,151.9
6736,1,166.9
6737,2,153.9
6738,1,164.9
6739,2,148.6
6740,1,167.9
6741,2,160
6742,1,172.3
6743,2,168.1
6744,1,171.9
6745,2,159
6746,1,168.4
6747,2,160.2
6748,1,161.8
6749,2,158.1
6750,1,171.2
6751,2,159
6752,1,174.2
6753,2,163.7
6754,1,174.7
6755,2,165.4
6756,1,178.9
6757,2,154.8
6758,1,163.1
6759,2,150.8
6760,1,175.4
6761,1,177.3
6762,2,157.7
6763,2,161
6764,1,159.1
6765,2,151.8
6766,1,154.9
6767,2,147.1
6768,1,165.5
6769,2,143
6770,2,155.9
6771,1,168.4
6772,2,157.7
6773,1,167.9
6774,2,150.4
6775,1,157.9
6776,1,164
6777,2,145.2
6778,2,146.2
6779,1,158.9
6780,2,161.7
6781,1,177.3
6782,2,157.9
6783,1,164.1
6784,1,172.5
6785,2,155.8
6786,1,165.6
6787,2,155.4
6788,2,148.6
6789,2,149.7
6790,2,149.1
6791,1,174
6792,1,173.4
6793,1,171.7
6794,2,153.2
6795,2,144.3
6796,1,159.4
6797,2,155.9
6798,1,164
6799,2,156.6
6800,1,163.1
6801,2,154.1
6802,1,171.9
6803,2,150.3
6804,1,163.7
6805,2,158.8
6806,1,174.6
6807,2,146.1
6808,1,158.1
6809,2,151.5
6810,1,165
6811,2,144.1
6812,1,147.5
6813,2,146.3
6814,1,160.6
6815,1,161.5
6816,2,154.7
6817,2,162.4
6818,1,168.5
6819,2,150.4
6820,1,165
6821,2,145.9
6822,1,171.8
6823,2,146
6824,1,163.2
6825,2,153.9
6826,1,163.9
6827,2,154.4
6828,1,169.7
6829,2,153.1
6830,1,171.4
6831,1,168
6832,2,159.2
6833,1,165.6
6834,2,145.2
6835,1,170.2
6836,2,156.9
6837,2,166.5
6838,2,165.8
6839,2,151.9
6840,1,155.4
6841,1,161.8
6842,2,157.8
6843,2,149.9
6844,1,161.7
6845,2,157.2
6846,2,163
6847,1,163.3
6848,2,157.1
6849,1,162.1
6850,2,154.3
6851,1,172
6852,1,165.1
6853,2,148.8
6854,1,158.8
6855,2,154.9
6856,1,166.3
6857,2,154.1
6858,1,157.6
6859,1,163.3
6860,2,158.8
6861,1,193.2
6862,2,163.5
6863,2,164.8
6864,1,163.7
6865,2,157.2
6866,1,169.4
6867,2,159.9
6868,1,169.5
6869,2,153.3
6870,1,172.1
6871,2,157.4
6872,1,172
6873,1,171.1
6874,2,151
6875,1,169.2
6876,1,165.8
6877,2,162.3
6878,2,156.8
6879,1,159.6
6880,2,149.2
6881,2,159.7
6882,1,159.9
6883,2,161.1
6884,1,182.4
6885,2,165.9
6886,1,171.6
6887,2,152.8
6888,1,167.7
6889,2,152.8
6890,1,158.7
6891,2,152.5
6892,1,165.8
6893,2,158.6
6894,1,175.2
6895,2,158.4
6896,1,157.9
6897,1,167.1
6898,2,163.7
6899,1,161.3
6900,2,152
6901,1,164.6
6902,2,157.4
6903,1,178
6904,2,162
6905,2,158
6906,2,149.5
6907,1,162.9
6908,2,156.9
6909,2,159.5
6910,2,153.6
6911,1,165.9
6912,2,148.4
6913,2,155.3
6914,1,168.4
6915,2,163.9
6916,2,149.3
6917,2,148.2
6918,2,147.6
6919,2,157.6
6920,1,164.1
6921,2,156
6922,2,154.9
6923,2,157.6
6924,1,172.5
6925,2,153.4
6926,2,159.6
6927,2,157.9
6928,1,170.3
6929,1,169
6930,2,145.7
6931,1,165.7
6932,2,159.8
6933,1,159.8
6934,2,146.5
6935,1,173.5
6936,2,160.8
6937,1,174.7
6938,1,166.5
6939,2,153.6
6940,2,153
6941,1,169.4
6942,1,163.2
6943,2,160.1
6944,1,165.6
6945,1,161.3
6946,2,154.3
6947,1,168.6
6948,2,154.6
6949,1,164.7
6950,1,170.1
6951,2,151.1
6952,1,177.2
6953,2,150.4
6954,2,138.1
6955,1,166.1
6956,2,149.3
6957,1,170.5
6958,1,174.8
6959,2,157.3
6960,2,151.8
6961,2,159.3
6962,1,167.8
6963,2,152.6
6964,2,158.8
6965,2,150.2
6966,2,161
6967,1,158.7
6968,2,144.1
6969,1,169.5
6970,2,159.3
6971,1,171.3
6972,2,160.4
6973,1,165.9
6974,2,164.2
6975,1,166.7
6976,2,151.4
6977,1,165.7
6978,2,156.9
6979,1,166.8
6980,1,162.1
6981,2,163.6
6982,1,168.6
6983,1,177.1
6984,2,162.6
6985,1,167.3
6986,1,162.6
6987,2,164.3
6988,2,152
6989,1,177.5
6990,2,160.2
6991,1,185.4
6992,2,159
6993,2,161.4
6994,1,168.9
6995,2,155.8
6996,1,173.5
6997,2,168
6998,1,170.1
6999,2,149.8
7000,2,158.4
7001,1,174.5
7002,2,156.8
7003,1,170
7004,2,153.6
7005,1,177.8
7006,2,166.9
7007,1,173.3
7008,2,151.8
7009,1,179.7
7010,1,162.5
7011,2,154.5
7012,1,173.3
7013,2,159.4
7014,1,171.8
7015,1,173.9
7016,2,160.6
7017,1,166.8
7018,1,169
7019,2,157
7020,1,183.2
7021,2,160.3
7022,1,174.2
7023,2,160
7024,1,165.7
7025,1,166.7
7026,2,154.1
7027,1,179.1
7028,1,172.8
7029,1,159.1
7030,2,149.3
7031,1,176
7032,2,162.1
7033,1,158.3
7034,1,166.2
7035,2,149.7
7036,1,171.6
7037,2,148.4
7038,1,169.4
7039,2,155.8
7040,2,151.1
7041,1,168.5
7042,2,152.4
7043,1,161.5
7044,2,139.9
7045,2,151.4
7046,1,171.8
7047,1,167.1
7048,2,159.4
7049,1,164.7
7050,2,157.9
7051,1,163.6
7052,1,162.9
7053,2,147.2
7054,1,168.3
7055,2,153.1
7056,1,170.1
7057,2,153.4
7058,1,172.4
7059,2,157.3
7060,1,156.8
7061,2,150.8
7062,2,152.6
7063,1,168.2
7064,2,155
7065,1,175.3
7066,2,159
7067,1,158.7
7068,2,161.7
7069,1,177.2
7070,1,170.8
7071,2,161.6
7072,1,166.3
7073,2,154.8
7074,1,175.8
7075,2,154
7076,2,158.1
7077,1,169.1
7078,2,152.5
7079,1,185.5
7080,1,175
7081,2,157
7082,1,167.1
7083,2,150
7084,1,168.4
7085,2,151.2
7086,1,162.1
7087,2,165.4
7088,1,170.8
7089,2,155.8
7090,1,165.2
7091,1,172
7092,2,153.9
7093,1,175.3
7094,2,149.4
7095,2,154.3
7096,2,161.3
7097,1,172.1
7098,2,156.5
7099,2,158.8
7100,2,154.6
7101,1,170.5
7102,2,150.2
7103,2,149.3
7104,1,170.4
7105,2,156.9
7106,2,149.7
7107,1,169.2
7108,2,150.4
7109,2,156.9
7110,1,165.7
7111,2,154.9
7112,2,158.8
7113,1,163.1
7114,2,157.1
7115,2,170.4
7116,1,174.7
7117,2,149.7
7118,1,167.5
7119,2,159.7
7120,2,155.7
7121,1,169.6
7122,2,159.5
7123,1,172.4
7124,2,152.5
7125,2,160.2
7126,1,174.8
7127,2,158.9
7128,1,173.4
7129,2,160.6
7130,2,163.1
7131,2,153.3
7132,1,161.4
7133,2,151.5
7134,1,170.1
7135,2,159.1
7136,1,168.3
7137,2,159.1
7138,2,148
7139,1,177
7140,1,168.9
7141,2,151.6
7142,1,168.1
7143,2,157.4
7144,1,165.2
7145,1,153.5
7146,2,154
7147,1,169.5
7148,2,159.1
7149,2,152.2
7150,2,153.5
7151,1,174.6
7152,2,158.3
7153,1,167.8
7154,2,141.4
7155,1,158.7
7156,2,145.9
7157,1,166.3
7158,1,170.7
7159,2,166.2
7160,1,166.7
7161,2,151.3
7162,1,164.4
7163,1,172.3
7164,2,158
7165,1,165.4
7166,2,164.6
7167,2,150.5
7168,2,164.1
7169,1,166.3
7170,2,161.9
7171,1,171.9
7172,2,158.4
7173,1,175.1
7174,2,155.1
7175,1,164
7176,2,149.7
7177,1,171.7
7178,2,152.4
7179,1,163.4
7180,2,158.7
7181,2,168.1
7182,2,165.1
7183,2,157.1
7184,1,177.8
7185,2,160.6
7186,1,167.5
7187,2,157.9
7188,1,169.6
7189,2,156.6
7190,2,157.9
7191,2,148.9
7192,2,148
7193,2,158.5
7194,2,156.3
7195,1,163.2
7196,2,163.7
7197,1,173.6
7198,1,168.8
7199,2,154.7
7200,1,172.7
7201,2,163.3
7202,1,184.6
7203,2,157
7204,1,169.8
7205,2,163.7
7206,1,166.4
7207,2,146.3
7208,1,158.8
7209,2,155.2
7210,2,161.3
7211,1,176
7212,2,150.1
7213,2,167.7
7214,2,161.5
7215,1,169.8
7216,1,165.5
7217,1,173.7
7218,2,162.9
7219,1,175.2
7220,1,166.2
7221,2,158.2
7222,1,160.8
7223,2,153.1
7224,2,161.5
7225,1,159.7
7226,1,153.9
7227,2,152.5
7228,1,164.5
7229,2,156.7
7230,1,170.5
7231,2,160.7
7232,1,169.6
7233,2,163.5
7234,2,163
7235,1,183.9
7236,1,180.9
7237,1,171.9
7238,2,149.5
7239,1,180
7240,2,156.3
7241,1,162.2
7242,2,158.8
7243,1,174.9
7244,2,151.7
7245,2,153.2
7246,1,166.5
7247,2,157.5
7248,1,167.2
7249,2,149.3
7250,2,153.7
7251,1,173.6
7252,2,155.6
7253,1,170.3
7254,2,158.2
7255,1,167.7
7256,2,162.7
7257,1,170.1
7258,2,155.6
7259,1,163.9
7260,1,174
7261,2,162
7262,1,169.3
7263,2,153.2
7264,1,169.2
7265,2,155.6
7266,2,156
7267,2,165.2
7268,1,173.6
7269,2,154.1
7270,2,155.2
7271,1,169.6
7272,2,159.2
7273,1,178.6
7274,1,179.2
7275,1,154.1
7276,2,156.2
7277,2,164.8
7278,1,164.8
7279,1,165.5
7280,1,172.2
7281,2,154.2
7282,2,157.1
7283,1,159.9
7284,1,171.3
7285,1,164.3
7286,2,154.1
7287,1,170.6
7288,2,156.1
7289,1,174.6
7290,1,164.6
7291,2,152.5
7292,1,166.6
7293,2,154.9
7294,1,163.8
7295,2,166.1
7296,2,173.1
7297,1,163.1
7298,2,153.5
7299,1,171.8
7300,2,147.9
7301,1,168.4
7302,2,158.7
7303,1,168.4
7304,2,166.5
7305,2,155
7306,1,164
7307,2,160.2
7308,1,176.7
7309,1,172.6
7310,2,151.4
7311,1,167.3
7312,2,156.4
7313,1,169
7314,2,161.9
7315,1,168.8
7316,2,156.4
7317,1,177.6
7318,1,168
7319,2,161.6
7320,2,161.8
7321,2,158
7322,2,164
7323,2,156.5
7324,1,173.6
7325,2,145.9
7326,1,175.3
7327,2,152.1
7328,1,152.1
7329,1,168.3
7330,2,161.1
7331,2,160
7332,2,157.8
7333,1,169
7334,2,153.2
7335,1,170.6
7336,2,155.9
7337,1,157.6
7338,2,154.8
7339,1,165.4
7340,1,173.2
7341,2,154.7
7342,1,166.4
7343,2,147.6
7344,2,148.8
7345,1,165.7
7346,1,163.7
7347,1,165.9
7348,2,147.2
7349,2,150.3
7350,1,161.7
7351,1,164.4
7352,1,169.6
7353,1,166.1
7354,2,147.5
7355,1,172.8
7356,1,156.9
7357,2,165.6
7358,1,165
7359,2,145.5
7360,2,143.8
7361,1,171.8
7362,2,154.4
7363,1,167.2
7364,2,158.6
7365,1,168.7
7366,2,150.4
7367,1,166.8
7368,2,150.5
7369,1,163.7
7370,2,152.1
7371,2,149
7372,1,164.4
7373,2,159.4
7374,2,141.5
7375,2,148.6
7376,2,145.1
7377,2,161
7378,1,176.1
7379,1,176
7380,2,152.5
7381,2,154.1
7382,2,158.9
7383,1,178.6
7384,2,155.1
7385,1,162.8
7386,2,147.7
7387,1,160.6
7388,2,153.2
7389,2,152
7390,1,175.6
7391,2,153.9
7392,1,170.8
7393,1,174.7
7394,2,153.7
7395,2,160.1
7396,2,153.2
7397,1,167.2
7398,2,147.5
7399,1,162.7
7400,2,163.4
7401,1,164
7402,2,157.5
7403,1,171.5
7404,2,153.3
7405,1,162.3
7406,2,149.6
7407,2,159
7408,2,156.2
7409,1,177
7410,2,159.1
7411,1,174
7412,2,156
7413,1,158.5
7414,2,169.3
7415,2,168.3
7416,2,164
7417,2,158
7418,1,167.5
7419,1,169.3
7420,2,150
7421,1,167.9
7422,2,162.5
7423,1,175
7424,2,150
7425,2,160.2
7426,2,163.7
7427,2,161
7428,1,173.4
7429,2,157.2
7430,1,170.5
7431,2,158.4
7432,1,177.4
7433,2,158.1
7434,2,153.5
7435,2,156
7436,1,177.6
7437,2,157.5
7438,1,178.5
7439,2,156.2
7440,1,169.8
7441,2,159.6
7442,1,167.6
7443,2,160.3
7444,1,177.6
7445,2,161.7
7446,2,155.7
7447,2,159.3
7448,2,158.3
7449,2,155.2
7450,2,166
7451,1,173
7452,2,150
7453,1,178.9
7454,2,160
7455,2,158.3
7456,2,155.1
7457,1,175.3
7458,2,159.3
7459,2,169.3
7460,2,160.3
7461,1,166.1
7462,2,166.5
7463,1,178.8
7464,2,159
7465,2,165.8
7466,1,175.1
7467,2,154.7
7468,1,175.5
7469,2,162.9
7470,2,157.8
7471,1,171.2
7472,2,164.3
7473,2,151.1
7474,1,171.3
7475,1,170.3
7476,2,165.9
7477,2,157.2
7478,1,170
7479,2,154.6
7480,2,156.4
7481,2,159.9
7482,1,167.3
7483,2,150.8
7484,2,155.3
7485,1,164.4
7486,2,152.5
7487,1,164
7488,1,169.4
7489,2,151.7
7490,2,158.8
7491,1,157.2
7492,1,173.6
7493,2,155
7494,1,167.4
7495,2,156.6
7496,2,163.3
7497,1,169.5
7498,2,163.2
7499,1,157.4
7500,2,154.4
7501,2,158.1
7502,2,165.6
7503,2,154.3
7504,2,162.2
7505,2,153.8
7506,1,171.5
7507,2,151
7508,1,161.1
7509,2,164.9
7510,1,176.5
7511,2,145.2
7512,1,160.1
7513,2,153.7
7514,2,151
7515,2,146.5
7516,1,173.7
7517,2,167
7518,2,156.8
7519,2,163.2
7520,1,169.1
7521,2,155.7
7522,1,166.3
7523,2,153
7524,2,159.9
7525,1,163
7526,1,165.2
7527,1,168.3
7528,2,150.4
7529,2,159.3
7530,2,165.2
7531,2,154.5
7532,1,178.4
7533,1,176.7
7534,2,158.5
7535,1,182
7536,2,165.4
7537,2,167.7
7538,2,150.2
7539,1,163.4
7540,2,155.5
7541,2,161.1
7542,2,149.7
7543,2,162.9
7544,1,170.3
7545,2,162.9
7546,1,178.4
7547,1,170.6
7548,2,154.2
7549,1,182.2
7550,2,161.9
7551,1,173.2
7552,2,163.3
7553,1,169.2
7554,2,160
7555,1,171.9
7556,2,156.9
7557,1,166.7
7558,2,153.1
7559,1,177
7560,2,159.4
7561,2,165.8
7562,2,158
7563,2,153.6
7564,2,153.5
7565,1,173.5
7566,2,159.9
7567,1,170
7568,2,158.2
7569,1,184.9
7570,1,172.7
7571,2,152.8
7572,1,172.5
7573,2,154.5
7574,2,150.5
7575,2,155.5
7576,2,160.6
7577,1,169.7
7578,2,158.5
7579,1,155
7580,2,153.5
7581,2,154.1
7582,2,149.5
7583,2,152.8
7584,1,175.5
7585,1,167.5
7586,1,168.2
7587,2,156.3
7588,2,146.7
7589,1,170.2
7590,2,160.8
7591,1,164
7592,2,158.6
7593,2,157
7594,1,169.6
7595,1,168.3
7596,2,151.6
7597,2,157.4
7598,2,163.8
7599,1,173.1
7600,2,157.7
7601,1,175
7602,2,154.8
7603,1,168.3
7604,2,161.6
7605,2,148.4
7606,1,177.3
7607,2,165.5
7608,1,169.1
7609,2,150.5
7610,2,155.6
7611,1,169.8
7612,1,167.7
7613,1,164.4
7614,2,156.5
7615,1,162.5
7616,1,160.3
7617,2,150.6
7618,2,158.3
7619,2,165.1
7620,1,186.1
7621,1,168.1
7622,2,146.7
7623,1,165.8
7624,1,164.6
7625,1,170.2
7626,1,166.7
7627,2,155.9
7628,2,147.4
7629,1,162.1
7630,2,155
7631,1,175.3
7632,2,166.3
7633,2,156.3
7634,2,155.3
7635,2,162.5
7636,1,172.3
7637,1,166
7638,2,154
7639,1,168.1
7640,2,152.1
7641,1,175.9
7642,1,172.9
7643,2,156.7
7644,1,168
7645,2,167.9
7646,2,163.4
7647,1,182.3
7648,2,170.7
7649,1,162.2
7650,2,153.9
7651,1,172.8
7652,2,156.3
7653,1,163.6
7654,2,158.9
7655,1,164.3
7656,2,148.7
7657,2,147.3
7658,2,169.8
7659,2,155.5
7660,2,162.5
7661,2,159.3
7662,1,171
7663,2,160.2
7664,1,173.2
7665,2,158.5
7666,1,166.1
7667,2,157.5
7668,1,172.3
7669,2,157.2
7670,1,183.8
7671,1,188.5
7672,2,167
7673,1,169.4
7674,2,156.9
7675,1,175.1
7676,2,158.6
7677,2,160.3
7678,2,149.2
7679,2,153.5
7680,1,175
7681,2,162
7682,1,169.5
7683,2,154.9
7684,1,170.6
7685,2,150.4
7686,1,171
7687,1,164.5
7688,2,157.6
7689,2,163.7
7690,1,183.4
7691,1,168
7692,2,164.6
7693,2,169.6
7694,2,170.2
7695,2,161.5
7696,2,156.3
7697,2,158.9
7698,1,169.6
7699,2,152.1
7700,1,169.5
7701,2,154.9
7702,2,152.1
7703,2,153.4
7704,1,167.9
7705,2,156.5
7706,2,159.4
7707,2,153.4
7708,1,168.6
7709,2,156.4
7710,1,168.2
7711,2,158.5
7712,2,155.5
7713,2,160.3
7714,1,180
7715,2,152.1
7716,2,148.3
7717,1,174.3
7718,2,161.9
7719,1,176.3
7720,2,160.3
7721,2,158.8
7722,2,165.7
7723,1,168.9
7724,2,155.7
7725,1,173.8
7726,1,168.5
7727,1,167.8
7728,2,162.2
7729,2,156.2
7730,1,166.7
7731,2,153.1
7732,1,170.3
7733,2,153
7734,1,179.9
7735,2,153.9
7736,2,154.3
7737,1,164.7
7738,2,159.6
7739,1,176.4
7740,2,168.8
7741,1,168
7742,2,152.8
7743,1,175.9
7744,2,162.9
7745,2,173.9
7746,1,183.4
7747,1,165.5
7748,2,149
7749,2,162.2
7750,2,157.9
7751,1,170.2
7752,1,174.9
7753,2,154
7754,1,168.6
7755,2,161.1
7756,2,165.4
7757,2,165.6
7758,2,158
7759,1,171.8
7760,2,163.1
7761,2,156.3
7762,1,175.7
7763,1,169
7764,2,155.1
7765,1,165.7
7766,2,162.8
7767,2,147
7768,1,171.8
7769,1,167.6
7770,2,153.4
7771,1,167.1
7772,2,163.8
7773,1,179.6
7774,1,174.6
7775,2,155.4
7776,1,167.4
7777,2,159.2
7778,1,170.1
7779,1,175.4
7780,2,165.6
7781,2,163.1
7782,1,181
7783,1,165.2
7784,2,161.1
7785,2,163.8
7786,1,178.5
7787,2,153.2
7788,1,177.2
7789,2,171.3
7790,2,158.5
7791,1,174.4
7792,2,160.1
7793,2,161.2
7794,2,174.4
7795,1,175.6
7796,2,157.7
7797,2,157.4
7798,1,169.2
7799,2,150.2
7800,1,167.1
7801,2,152.3
7802,1,173
7803,2,160
7804,2,155.5
7805,1,171.7
7806,2,157.8
7807,2,162.5
7808,1,167.8
7809,1,175.7
7810,2,142.8
7811,2,163.3
7812,1,167.3
7813,2,156.8
7814,2,150.3
7815,1,157
7816,2,155.9
7817,2,153.5
7818,2,160.4
7819,1,167.7
7820,2,155
7821,1,186.4
7822,2,161.9
7823,1,173.3
7824,2,167.8
7825,1,169.9
7826,2,158
7827,1,167.3
7828,2,150.6
7829,1,165.2
7830,2,157.6
7831,1,167.9
7832,2,165.2
7833,2,147.6
7834,1,181.7
7835,2,163
7836,1,169.5
7837,2,157.6
7838,1,164.3
7839,2,157.3
7840,1,172.5
7841,2,151.8
7842,1,168.8
7843,2,150
7844,2,155.8
7845,1,164.9
7846,2,162.6
7847,1,190
7848,2,157.4
7849,1,183.1
7850,2,170
7851,2,163.3
7852,1,172.1
7853,2,163.1
7854,2,160.6
7855,1,168.3
7856,2,159.3
7857,1,171.1
7858,2,160.1
7859,1,160.9
7860,2,150
7861,1,180.4
7862,2,153
7863,1,177.7
7864,2,152.9
7865,2,158.1
7866,2,163.9
7867,2,162.1
7868,1,174.4
7869,2,152.7
7870,1,177.3
7871,2,163.6
7872,1,171.3
7873,2,151.8
7874,2,160.4
7875,1,183
7876,2,161.7
7877,1,166.2
7878,1,169.4
7879,1,166.3
7880,2,158.5
7881,1,169.1
7882,1,155.3
7883,1,163.5
7884,2,159.8
7885,1,172.8
7886,2,155.7
7887,2,166.5
7888,2,153.8
7889,1,158.1
7890,1,181.4
7891,2,155.7
7892,2,149.4
7893,1,170.8
7894,2,173.6
7895,1,170
7896,2,152.3
7897,1,163.8
7898,2,159.4
7899,2,157.6
7900,1,170.3
7901,2,158.7
7902,1,172.1
7903,2,163.6
7904,2,149
7905,1,171.8
7906,2,169.4
7907,1,168.1
7908,2,158
7909,1,169.1
7910,2,151.5
7911,2,159.6
7912,2,154.4
7913,1,169.6
7914,2,158.6
7915,1,169.4
7916,2,158.8
7917,2,152.4
7918,1,179.5
7919,2,163.1
7920,2,163.2
7921,1,175.8
7922,2,160.5
7923,1,169.7
7924,2,164.1
7925,1,165.4
7926,2,157.2
7927,1,166.8
7928,2,163.7
7929,2,163.7
7930,2,153
7931,1,172.3
7932,2,160.7
7933,1,163.4
7934,2,153.2
7935,1,169.5
7936,2,159.3
7937,1,171.8
7938,2,160.5
7939,1,165.4
7940,2,148.8
7941,1,170.3
7942,2,154.1
7943,1,172.7
7944,2,161
7945,1,177.9
7946,2,148.8
7947,1,162
7948,2,158.7
7949,2,150.6
7950,1,166.3
7951,2,158.6
7952,1,180.5
7953,2,151.8
7954,1,159.3
7955,2,160.4
7956,1,171.5
7957,2,154.2
7958,1,173
7959,2,161.6
7960,1,164.7
7961,2,159.2
7962,2,166.5
7963,1,171.9
7964,2,160.4
7965,1,181.9
7966,1,161.8
7967,2,162.1
7968,2,157.8
7969,1,163.2
7970,2,161.2
7971,1,133.6
7972,1,164.7
7973,2,162.5
7974,1,167.7
7975,2,153.4
7976,1,173.5
7977,1,164.9
7978,2,149.3
7979,1,169.7
7980,2,153.9
7981,1,173.9
7982,2,155.5
7983,1,172.4
7984,2,156.7
7985,1,173.1
7986,1,163.1
7987,2,159.9
7988,1,164.8
7989,2,148.3
7990,2,169
7991,1,167.9
7992,1,184.7
7993,2,157.9
7994,2,156.2
7995,1,174.5
7996,1,168.6
7997,2,159.6
7998,1,167.7
7999,2,163.8
8000,1,172.4
8001,2,152.8
8002,1,168
8003,2,158
8004,1,161.7
8005,2,154.8
8006,1,167.5
8007,2,148.5
8008,2,161.2
8009,1,169.6
8010,2,156.9
8011,1,169
8012,2,148.2
8013,1,168
8014,2,151.3
8015,2,149.8
8016,2,165.3
8017,1,172
8018,2,165.2
8019,1,160.4
8020,2,149.2
8021,1,176.6
8022,2,165.5
8023,1,166.1
8024,2,148.8
8025,1,176
8026,2,167
8027,2,160.1
8028,2,150.4
8029,1,176.8
8030,2,161.3
8031,1,165.1
8032,2,162.6
8033,1,177.2
8034,2,151.9
8035,1,165.9
8036,2,165.4
8037,1,170
8038,2,164.7
8039,1,177.1
8040,1,164.3
8041,2,160.7
8042,1,175.9
8043,2,165.5
8044,1,172.7
8045,2,157.9
8046,1,177.7
8047,2,157.4
8048,2,157.4
8049,1,169.6
8050,2,154.5
8051,1,173.1
8052,2,156
8053,2,168.1
8054,1,168.3
8055,2,160.8
8056,2,145.9
8057,1,180.4
8058,2,160.2
8059,1,161.2
8060,1,167
8061,2,158.7
8062,1,176.6
8063,2,155.3
8064,1,179.3
8065,2,159
8066,1,170.3
8067,2,160
8068,1,173.4
8069,2,165.9
8070,2,155.8
8071,2,148.8
8072,1,168.8
8073,2,160.9
8074,2,157.8
8075,1,174.8
8076,2,152.8
8077,1,175.3
8078,2,163
8079,1,172.3
8080,2,159.1
8081,2,162.1
8082,1,174.2
8083,2,160.6
8084,1,163.7
8085,2,154.1
8086,1,171.4
8087,2,150.1
8088,1,173.1
8089,1,172.4
8090,2,158.1
8091,2,165.3
8092,1,175.5
8093,2,149.7
8094,2,158.6
8095,2,147.7
8096,1,151.5
8097,2,158.9
8098,2,150.9
8099,1,165.4
8100,1,172
8101,1,179.4
8102,1,161
8103,2,158
8104,2,161.5
8105,2,148.8
8106,2,159.1
8107,2,158.2
8108,1,167.8
8109,1,159.1
8110,2,152
8111,2,164.9
8112,1,178.2
8113,2,158.5
8114,1,164.9
8115,2,154.1
8116,1,174.1
8117,2,156.7
8118,1,178.2
8119,2,166.3
8120,2,157.1
8121,1,162.6
8122,2,154.7
8123,1,167.7
8124,2,168.8
8125,2,146.5
8126,2,155.8
8127,2,164
8128,1,173.9
8129,2,160.2
8130,1,173
8131,2,156
8132,2,165
8133,2,154.8
8134,1,178.7
8135,2,165.1
8136,1,180.4
8137,2,164.6
8138,1,171.6
8139,2,167.5
8140,1,179.2
8141,2,157
8142,2,151.1
8143,2,158.8
8144,1,170.7
8145,2,167
8146,2,150.9
8147,2,145.9
8148,1,166
8149,1,169.4
8150,2,161.6
8151,2,163.6
8152,2,168.2
8153,2,163.1
8154,2,167.4
8155,1,175.1
8156,2,166.2
8157,1,174.6
8158,2,155.2
8159,1,170.8
8160,2,163.9
8161,2,149.2
8162,1,161
8163,1,173
8164,2,150.6
8165,1,171.9
8166,2,151.2
8167,1,178.2
8168,2,159.5
8169,1,168.6
8170,2,154.5
8171,2,158
8172,2,161.9
8173,2,153.1
8174,1,170.1
8175,2,156.4
8176,1,164.1
8177,2,160.4
8178,1,165.4
8179,2,148.2
8180,1,169.7
8181,2,163.1
8182,1,177.5
8183,2,153
8184,1,175.4
8185,2,160.3
8186,1,168
8187,2,150.8
8188,2,159
8189,1,174.7
8190,2,156.5
8191,1,179.3
8192,1,164.4
8193,2,155.4
8194,1,171.7
8195,2,165
8196,1,171.3
8197,2,161.2
8198,1,178.6
8199,1,174.2
8200,1,172
8201,1,176
8202,2,154.4
8203,2,155.5
8204,1,169
8205,2,153.5
8206,1,161.5
8207,1,172.9
8208,2,156.4
8209,1,168.1
8210,2,150.6
8211,1,162
8212,2,161.5
8213,2,158.7
8214,1,169
8215,2,157.9
8216,1,169.9
8217,2,164.8
8218,1,172.3
8219,2,146.8
8220,2,157.5
8221,2,159
8222,1,162.5
8223,2,157.3
8224,2,149.5
8225,1,171.6
8226,2,160.3
8227,2,152.4
8228,2,158
8229,2,163
8230,1,171.1
8231,1,169
8232,2,154
8233,1,162.5
8234,2,149.8
8235,1,164
8236,2,156.3
8237,1,169.5
8238,2,156.2
8239,1,169.2
8240,2,147.6
8241,1,170.2
8242,2,154.8
8243,1,160.1
8244,2,159.2
8245,1,166.8
8246,1,165.3
8247,2,164.3
8248,1,167.3
8249,1,165.8
8250,2,147.6
8251,1,167.1
8252,2,161.2
8253,1,178.4
8254,2,152.3
8255,2,162.7
8256,2,157.8
8257,1,170.3
8258,2,155.3
8259,1,165.3
8260,2,152.7
8261,2,154.8
8262,1,170.6
8263,1,172.1
8264,2,155.3
8265,1,168.2
8266,2,157
8267,1,166.5
8268,1,170.4
8269,2,158.4
8270,1,177.3
8271,2,161.8
8272,2,150.1
8273,1,161.3
8274,2,154.1
8275,1,176.5
8276,1,183
8277,2,153.3
8278,2,154.7
8279,2,158.2
8280,1,167
8281,1,172.2
8282,2,168.3
8283,1,168.9
8284,2,155.3
8285,1,165.8
8286,2,154.3
8287,2,160
8288,1,166.7
8289,2,156.7
8290,2,161.3
8291,1,176.3
8292,1,166.4
8293,2,158.9
8294,2,158.3
8295,1,171.2
8296,2,163.6
8297,1,170.2
8298,2,155.8
8299,1,173.9
8300,2,166.5
8301,2,150.3
8302,2,148.2
8303,2,155.2
8304,2,153.4
8305,2,153.9
8306,2,161.5
8307,1,171.4
8308,2,160.6
8309,2,162.8
8310,1,167.2
8311,2,161.6
8312,1,164.9
8313,2,167.7
8314,1,177.4
8315,2,147.5
8316,1,166.2
8317,2,160.5
8318,1,167.8
8319,2,160.4
8320,1,173.2
8321,2,162.6
8322,2,156.7
8323,2,158.5
8324,1,170.6
8325,2,161.6
8326,2,165.1
8327,1,162.9
8328,2,152.6
8329,2,163
8330,2,159.1
8331,1,167.5
8332,2,153.9
8333,2,144.5
8334,2,157.5
8335,1,158.5
8336,2,157.6
8337,1,159.5
8338,2,161.1
8339,1,172.7
8340,2,152.2
8341,1,168.9
8342,2,153.5
8343,1,158.8
8344,2,146.3
8345,1,160.7
8346,1,175.1
8347,2,166.4
8348,1,181.1
8349,2,153.8
8350,1,181.5
8351,2,149.1
8352,2,160.5
8353,2,161.7
8354,1,172
8355,2,161.2
8356,1,171.8
8357,2,158.3
8358,2,149.2
8359,1,175.9
8360,2,153.8
8361,1,164.6
8362,2,164.2
8363,1,171.9
8364,1,175.5
8365,2,156.8
8366,1,169.4
8367,2,162.7
8368,1,167.6
8369,1,175.5
8370,1,167.6
8371,2,163.9
8372,1,166.6
8373,1,166.4
8374,2,158.9
8375,2,161.5
8376,1,158.1
8377,2,157.9
8378,2,149.3
8379,1,163.9
8380,2,158.3
8381,1,172.2
8382,2,158.1
8383,1,169.2
8384,2,156.5
8385,1,177.4
8386,2,158.7
8387,2,153.4
8388,1,177.6
8389,1,168.1
8390,2,152
8391,1,174.4
8392,1,171.3
8393,2,157.9
8394,1,169.2
8395,2,153.9
8396,1,174.5
8397,2,157.6
8398,1,175.3
8399,2,150.6
8400,1,165.4
8401,2,165.5
8402,2,168.7
8403,2,155.6
8404,1,176.5
8405,2,162.9
8406,1,168.4
8407,2,168.7
8408,1,169.1
8409,2,152.6
8410,1,167.5
8411,2,161.1
8412,2,149.5
8413,1,174.8
8414,1,169.3
8415,2,149
8416,2,153.3
8417,1,172.4
8418,2,152.9
8419,2,156
8420,1,166.5
8421,2,153.8
8422,1,167.6
8423,2,154.6
8424,1,178.6
8425,2,154.2
8426,2,167
8427,1,169
8428,2,156.8
8429,1,176.1
8430,2,159.9
8431,1,162.5
8432,1,172.1
8433,2,157.9
8434,1,165.7
8435,1,165.6
8436,2,157.1
8437,1,166.3
8438,2,161
8439,1,176.5
8440,1,163.4
8441,2,145
8442,1,163.9
8443,2,154.9
8444,2,167.1
8445,1,187.1
8446,2,154
8447,1,178.5
8448,2,158.2
8449,1,173.9
8450,2,159
8451,1,175.1
8452,2,158.8
8453,1,170.4
8454,2,152.9
8455,1,173.1
8456,2,156.7
8457,1,169.1
8458,2,151.5
8459,1,180.5
8460,2,159.5
8461,1,169.5
8462,2,156.2
8463,1,177.9
8464,2,165.9
8465,1,163.6
8466,2,159.6
8467,1,178.1
8468,2,169.6
8469,2,155.9
8470,1,173.5
8471,2,161.6
8472,1,162.6
8473,2,158.8
8474,1,182.4
8475,2,161.4
8476,1,174.8
8477,2,152
8478,1,178.1
8479,2,160.8
8480,2,159.5
8481,1,171
8482,2,148.5
8483,1,164.3
8484,2,160
8485,1,178.2
8486,2,164.9
8487,1,181.5
8488,2,152.1
8489,2,155.1
8490,2,157.8
8491,1,162.1
8492,2,158.9
8493,1,162.1
8494,2,143.6
8495,1,166.8
8496,2,153.6
8497,1,168.1
8498,2,161
8499,2,155.4
8500,1,178.5
8501,2,152.1
8502,1,173.4
8503,1,162.5
8504,2,155.3
8505,2,158.6
8506,2,157.3
8507,1,179.6
8508,1,168.4
8509,2,162.3
8510,2,141.1
8511,1,180.7
8512,2,160.1
8513,2,159.3
8514,1,178.8
8515,2,162.9
8516,1,171.4
8517,2,167.4
8518,1,181.4
8519,1,157.9
8520,2,161.6
8521,1,174.4
8522,2,160.3
8523,1,178.1
8524,1,168
8525,2,156.6
8526,2,158.1
8527,2,160.6
8528,1,178.6
8529,2,163
8530,1,163.6
8531,2,159.3
8532,2,156.4
8533,1,166.4
8534,2,147.9
8535,2,168.5
8536,1,162.8
8537,1,169.2
8538,2,164.7
8539,2,154.9
8540,1,175.5
8541,2,159.4
8542,1,160.2
8543,2,157.4
8544,1,172.2
8545,1,170.2
8546,2,151.7
8547,1,164.4
8548,2,145.9
8549,1,177.9
8550,2,158.2
8551,1,178
8552,2,158.9
8553,1,156.9
8554,2,156.1
8555,2,167.9
8556,1,167.1
8557,2,162.6
8558,2,160.4
8559,1,165.6
8560,2,168.7
8561,2,153
8562,2,158.9
8563,1,167.1
8564,1,170.4
8565,2,162.9
8566,2,162.8
8567,1,166.4
8568,2,149.9
8569,1,168.9
8570,2,161.5
8571,2,164.6
8572,1,166.2
8573,2,158.4
8574,2,159.1
8575,1,172.8
8576,2,154.4
8577,1,172.8
8578,2,162.5
8579,2,167.6
8580,1,175.5
8581,2,158.7
8582,2,157.3
8583,1,176.5
8584,2,164.1
8585,2,164.8
8586,1,172.3
8587,2,147.6
8588,2,163.9
8589,2,159.1
8590,1,167.7
8591,2,154.3
8592,1,173.4
8593,2,165
8594,2,150.3
8595,1,167
8596,2,155.1
8597,1,164.9
8598,2,159.8
8599,1,175.7
8600,2,162
8601,1,170.5
8602,1,167
8603,2,157.9
8604,2,159.5
8605,1,179.7
8606,2,163.4
8607,2,168.8
8608,1,170.4
8609,2,161.3
8610,2,153.9
8611,2,151.3
8612,2,152.2
8613,1,169.3
8614,2,156.8
8615,2,162.3
8616,2,161.1
8617,1,168.3
8618,2,160.2
8619,1,162.3
8620,2,166.8
8621,1,172.1
8622,2,162.4
8623,1,165.4
8624,2,154.5
8625,1,176.4
8626,1,181.1
8627,2,153.2
8628,1,163.3
8629,2,156.8
8630,1,168.5
8631,2,168.6
8632,1,172.2
8633,2,158.1
8634,2,171.2
8635,1,173.1
8636,2,156.1
8637,2,147.5
8638,1,181.5
8639,2,163.7
8640,2,160.6
8641,2,153.9
8642,2,167.1
8643,1,172.6
8644,2,159.9
8645,2,160.5
8646,1,178.8
8647,2,162.7
8648,1,176.2
8649,2,154
8650,2,163.5
8651,1,171.9
8652,2,165.1
8653,1,175.3
8654,2,174.3
8655,1,174.8
8656,1,169.9
8657,2,162.2
8658,2,158.7
8659,1,181
8660,2,152.8
8661,1,167.8
8662,2,163.8
8663,1,180.1
8664,2,159.9
8665,1,172.7
8666,2,154.2
8667,1,181.7
8668,2,159.6
8669,2,160.9
8670,1,178.5
8671,2,165.9
8672,2,163.6
8673,2,156.2
8674,1,165
8675,2,163
8676,1,167.9
8677,2,162.7
8678,1,173.6
8679,2,152
8680,1,158.8
8681,2,155.8
8682,1,166.6
8683,1,166.7
8684,1,169.6
8685,2,147.3
8686,1,176.5
8687,2,166.1
8688,1,172.1
8689,1,183.1
8690,1,167
8691,2,148.7
8692,2,157.2
8693,1,176.9
8694,2,156.8
8695,1,166.2
8696,2,158
8697,1,170.1
8698,1,175.4
8699,2,158.5
8700,1,162.1
8701,2,156.3
8702,2,156.9
8703,1,178.8
8704,2,164.5
8705,2,161.9
8706,1,170.9
8707,2,157.4
8708,1,162.2
8709,2,150
8710,1,174.3
8711,1,175.5
8712,1,173.6
8713,2,160
8714,2,150.9
8715,1,173.4
8716,2,158.8
8717,2,142.3
8718,1,162
8719,2,162.2
8720,2,160.4
8721,2,161.4
8722,1,164.4
8723,2,154.7
8724,2,159.9
8725,1,166.7
8726,2,148.5
8727,2,159.5
8728,1,169.1
8729,1,176
8730,2,151.7
8731,2,152.5
8732,1,155.1
8733,1,162.1
8734,2,153.8
8735,1,165.9
8736,1,179
8737,2,159.5
8738,2,161.3
8739,1,163.9
8740,2,155.8
8741,1,165.6
8742,2,154.6
8743,2,160.7
8744,2,154.5
8745,1,171.8
8746,1,173.4
8747,1,164.2
8748,2,162.1
8749,2,149.6
8750,1,155.1
8751,2,155.2
8752,1,175.3
8753,2,167.8
8754,1,164.2
8755,2,165.1
8756,2,149.5
8757,1,163.9
8758,2,154.9
8759,1,170.1
8760,2,142
8761,1,165.6
8762,2,162
8763,1,170.6
8764,1,181.5
8765,2,156.4
8766,1,165.5
8767,2,160.1
8768,1,165.4
8769,2,163.1
8770,2,158.6
8771,2,155.5
8772,1,170.3
8773,2,168.7
8774,2,167.4
8775,2,156.6
8776,1,161.2
8777,2,150.1
8778,2,147.6
8779,1,163.3
8780,2,148
8781,1,166
8782,2,172.6
8783,1,168.7
8784,2,151.4
8785,1,166.7
8786,2,161.2
8787,1,168.8
8788,2,150.7
8789,1,157.8
8790,2,156.6
8791,1,169.4
8792,2,156.1
8793,1,177
8794,1,174.3
8795,2,142.6
8796,1,170.8
8797,2,157.1
8798,1,161.3
8799,2,150.9
8800,1,169.3
8801,2,154.9
8802,1,173.4
8803,2,159.7
8804,1,172.1
8805,2,163.6
8806,2,157.7
8807,1,167.4
8808,2,149.4
8809,2,155.5
8810,1,163.8
8811,2,159.6
8812,1,163.1
8813,2,158.4
8814,1,168.3
8815,2,160.5
8816,1,165.6
8817,2,155.8
8818,1,169.8
8819,2,158
8820,1,168.1
8821,2,157.3
8822,1,168.7
8823,2,147.6
8824,1,165.1
8825,2,157.7
8826,2,164.9
8827,2,164.8
8828,2,147.4
8829,2,151.1
8830,1,166.8
8831,2,157.9
8832,2,148.4
8833,2,148.3
8834,1,170.8
8835,2,154
8836,1,159.3
8837,2,158.4
8838,1,160
8839,2,148.2
8840,1,154.9
8841,2,141.4
8842,1,155.1
8843,2,167.8
8844,1,164.5
8845,2,161.7
8846,1,167
8847,2,160.7
8848,2,151.7
8849,2,152.1
8850,1,163.5
8851,2,157.3
8852,1,168.8
8853,2,148
8854,1,174.2
8855,2,159
8856,1,172.3
8857,2,159.4
8858,1,170.7
8859,2,148.6
8860,1,175.4
8861,1,180.3
8862,1,170.3
8863,2,147
8864,1,167.4
8865,2,157.4
8866,1,176.9
8867,1,177.7
8868,2,161.2
8869,1,175.6
8870,2,170.3
8871,1,172.6
8872,2,160.5
8873,1,181.5
8874,2,155.7
8875,2,160.4
8876,2,160.9
8877,1,164.2
8878,2,149
8879,2,162.3
8880,1,172.7
8881,1,163.6
8882,2,150.3
8883,1,168.7
8884,2,153
8885,1,166.2
8886,1,175.1
8887,2,156.1
8888,1,170.2
8889,2,149.4
8890,1,172.7
8891,1,173.2
8892,2,160.8
8893,2,160.3
8894,1,168
8895,1,184.3
8896,1,172.1
8897,2,156.2
8898,2,147.9
8899,1,171.3
8900,2,156.5
8901,2,158.9
8902,1,170.8
8903,2,159.3
8904,1,177.5
8905,2,163.8
8906,1,171.8
8907,2,155.4
8908,1,168.9
8909,2,151.4
8910,2,163.4
8911,1,159.8
8912,2,166.9
8913,2,154.1
8914,1,171.2
8915,2,159.7
8916,1,165.8
8917,2,165.7
8918,1,161.3
8919,2,149.5
8920,1,170.8
8921,2,158.9
8922,1,174.1
8923,2,145.1
8924,1,176
8925,2,161.7
8926,1,169.8
8927,2,158.1
8928,1,170
8929,2,155.9
8930,1,170.2
8931,2,150.1
8932,1,174.2
8933,2,150.1
8934,1,164.5
8935,2,167
8936,1,175.4
8937,2,168.9
8938,2,158.7
8939,1,177.5
8940,2,162.7
8941,2,153.5
8942,1,171.3
8943,2,158.1
8944,1,174.2
8945,2,158.8
8946,1,176.3
8947,1,170.9
8948,2,154.6
8949,2,156.2
8950,2,148.9
8951,2,164.5
8952,1,159.9
8953,2,154.3
8954,1,181.6
8955,2,161.2
8956,1,166.7
8957,2,158.2
8958,1,173.5
8959,2,160.5
8960,2,159.5
8961,1,155.5
8962,2,149.5
8963,2,154.9
8964,2,159.2
8965,2,153.2
8966,2,160.4
8967,2,160.9
8968,1,172.4
8969,2,148.3
8970,1,162.2
8971,2,159.6
8972,1,181.4
8973,2,154.4
8974,2,168.4
8975,2,152.5
8976,1,169.5
8977,1,171.7
8978,1,167.4
8979,2,162.3
8980,1,159.6
8981,2,154.4
8982,2,166.3
8983,1,171.3
8984,1,173.2
8985,2,157.8
8986,1,173.9
8987,2,158.3
8988,1,165.6
8989,2,161.2
8990,2,154.5
8991,1,173.5
8992,2,160.2
8993,1,171.1
8994,2,162.6
8995,1,177.4
8996,2,161.5
8997,1,169.3
8998,1,157.4
8999,2,158.7
9000,1,171.4
9001,2,156.4
9002,1,164.4
9003,2,165.4
9004,1,174
9005,1,177.5
9006,2,170.4
9007,1,175.6
9008,2,163.1
9009,1,166.8
9010,1,163.1
9011,2,161.6
9012,1,163.2
9013,2,153.5
9014,1,172.4
9015,2,155.8
9016,2,148.2
9017,1,162.4
9018,2,148.2
9019,1,166.7
9020,2,149.4
9021,1,156.1
9022,2,150.5
9023,1,167.7
9024,2,152.7
9025,1,176.2
9026,2,160.5
9027,2,169.5
9028,1,165.4
9029,2,165.8
9030,1,164.9
9031,2,151.7
9032,2,161.4
9033,1,162.5
9034,2,152.2
9035,2,164.1
9036,1,168.8
9037,2,151.7
9038,1,170.5
9039,1,170.3
9040,1,159.9
9041,2,153.5
9042,1,172.1
9043,2,155.5
9044,2,160.2
9045,1,163
9046,2,144.5
9047,1,166.7
9048,1,185.4
9049,1,172.8
9050,2,149.8
9051,1,168.5
9052,2,160.9
9053,1,179.5
9054,2,157.8
9055,1,179.7
9056,1,161.8
9057,2,154.4
9058,1,171.8
9059,2,154.6
9060,2,146.7
9061,1,145.7
9062,1,169.1
9063,2,153.4
9064,1,158.8
9065,2,149.6
9066,2,144.5
9067,1,169.6
9068,2,154.8
9069,1,171.7
9070,1,166.7
9071,1,157.7
9072,2,146.5
9073,1,169.5
9074,2,159.7
9075,1,165
9076,1,171.8
9077,1,161.7
9078,2,157.6
9079,1,163.8
9080,2,155.9
9081,1,168
9082,2,159.7
9083,1,160.5
9084,2,149.4
9085,1,180.2
9086,2,159.8
9087,1,161
9088,2,156.4
9089,2,160.3
9090,1,166.7
9091,2,155.6
9092,1,172
9093,1,157.8
9094,2,153.6
9095,1,166.1
9096,2,146.4
9097,2,153.3
9098,1,169.5
9099,1,168.5
9100,2,156.4
9101,1,167.2
9102,2,147.8
9103,1,164.5
9104,1,164
9105,1,174.7
9106,1,163.9
9107,2,152
9108,1,169
9109,1,176.5
9110,2,159
9111,2,171.5
9112,1,169.5
9113,2,149.8
9114,1,162.3
9115,2,170
9116,2,157.4
9117,2,146.2
9118,1,157.2
9119,2,150
9120,1,163.4
9121,2,151.6
9122,1,172.9
9123,2,162
9124,1,167.8
9125,1,168.7
9126,2,157.7
9127,1,170.3
9128,2,155.8
9129,1,177.1
9130,2,155.2
9131,1,171
9132,2,161.1
9133,1,170.5
9134,2,158.7
9135,2,159.3
9136,1,171.2
9137,1,165.4
9138,2,155.5
9139,1,172.5
9140,2,157.5
9141,1,169.1
9142,2,157.4
9143,2,156.6
9144,2,159.1
9145,1,170
9146,2,150.6
9147,2,161.4
9148,1,162.7
9149,2,146.7
9150,1,163.8
9151,2,163.6
9152,2,157.6
9153,1,175.5
9154,2,155.6
9155,1,159.4
9156,2,154.4
9157,1,169.8
9158,2,163.3
9159,1,166.3
9160,2,148.1
9161,2,150.1
9162,2,146
9163,1,176
9164,2,154.7
9165,1,156.9
9166,2,158.1
9167,2,157.7
9168,2,149.7
9169,1,178.5
9170,2,162.5
9171,1,178.4
9172,1,184.4
9173,1,172
9174,2,143.7
9175,1,164.1
9176,2,162.2
9177,1,181
9178,1,179.3
9179,1,171.5
9180,2,150.3
9181,1,169.1
9182,2,160.5
9183,2,164.7
9184,1,166.8
9185,2,145.9
9186,1,165.7
9187,2,149.8
9188,2,154.5
9189,2,161.9
9190,2,163.2
9191,2,156.3
9192,1,175.8
9193,2,150.1
9194,1,176.4
9195,2,163.4
9196,1,164.6
9197,2,148.3
9198,2,165.6
9199,1,171.7
9200,2,155.1
9201,2,158.4
9202,1,167.7
9203,1,161.5
9204,2,166.4
9205,2,144.3
9206,2,159.6
9207,2,150.3
9208,1,164.5
9209,2,159.3
9210,1,169.7
9211,2,154.1
9212,1,182.1
9213,1,170
9214,2,153.6
9215,1,176.7
9216,1,170.4
9217,2,161
9218,1,177.4
9219,2,160.9
9220,1,174.2
9221,2,164.2
9222,1,156.4
9223,2,151.1
9224,1,172.2
9225,2,157.3
9226,1,167.3
9227,2,150.7
9228,1,166.5
9229,1,172.2
9230,2,155.4
9231,1,178.3
9232,2,159
9233,1,168.6
9234,2,163.8
9235,2,164.9
9236,1,174.6
9237,1,177.9
9238,2,162.7
9239,1,171.9
9240,2,170.5
9241,1,163.9
9242,2,160.3
9243,2,163.2
9244,1,169
9245,2,158.7
9246,1,164.7
9247,2,161.5
9248,1,160
9249,2,160.5
9250,1,174.7
9251,1,163.5
9252,2,157
9253,2,157
9254,2,151.7
9255,2,156.1
9256,2,154.4
9257,1,173.3
9258,1,167.5
9259,1,159.2
9260,2,153.7
9261,2,158.8
9262,1,175.8
9263,2,159.8
9264,1,173.2
9265,2,162.5
9266,1,168.6
9267,2,161.1
9268,1,168
9269,2,159.3
9270,2,156.7
9271,1,168.7
9272,2,155.9
9273,2,152.2
9274,1,159.5
9275,2,156.8
9276,1,170.5
9277,1,167.6
9278,2,149.4
9279,1,175
9280,1,166.5
9281,2,142.7
9282,2,157.7
9283,2,154.6
9284,1,168.3
9285,2,159.9
9286,2,159
9287,1,174.3
9288,2,156.7
9289,2,149.2
9290,1,165.9
9291,2,157.5
9292,2,150.5
9293,1,162.6
9294,2,148.8
9295,2,154.7
9296,1,172.9
9297,2,156.7
9298,1,157.7
9299,2,153.4
9300,1,169.5
9301,1,166.1
9302,2,151.6
9303,2,150.7
9304,2,147.8
9305,1,168.8
9306,2,153.1
9307,1,172.7
9308,2,150.5
9309,1,171.8
9310,2,161.8
9311,2,152.1
9312,1,175.1
9313,2,159
9314,1,175.3
9315,1,164.8
9316,2,154.3
9317,1,171.6
9318,2,154.4
9319,1,172.8
9320,2,158.9
9321,2,153
9322,2,164.9
9323,1,158.9
9324,2,151.7
9325,1,165.9
9326,1,161.5
9327,1,162.2
9328,2,146.5
9329,1,171.4
9330,2,154.4
9331,1,163.7
9332,2,147.6
9333,1,177.4
9334,2,159.9
9335,1,168.2
9336,2,153.1
9337,1,176
9338,2,154.9
9339,1,159.8
9340,2,148.7
9341,1,163.7
9342,1,165
9343,2,142.5
9344,2,164.3
9345,1,176.7
9346,2,142.8
9347,1,164.3
9348,2,159.8
9349,1,163.8
9350,2,156.7
9351,2,157.7
9352,1,175.1
9353,2,159.1
9354,2,165.8
9355,1,181.5
9356,2,159.8
9357,2,152.9
9358,2,159.8
9359,1,164.1
9360,1,173.9
9361,2,164.8
9362,1,155.6
9363,2,157.9
9364,2,157.2
9365,1,170.8
9366,1,173.8
9367,2,150.2
9368,1,173
9369,2,154.2
9370,1,171
9371,2,156.5
9372,2,156.3
9373,1,173.6
9374,2,160.6
9375,2,152.3
9376,1,166.6
9377,2,150.6
9378,1,163.8
9379,2,158.9
9380,1,172
9381,2,153.4
9382,2,152.7
9383,1,167
9384,1,169.4
9385,2,158.4
9386,1,169.6
9387,2,168.9
9388,1,168.5
9389,2,149.1
9390,1,166.4
9391,2,158.1
9392,2,164.4
9393,2,163.6
9394,1,166.8
9395,2,156.8
9396,1,173.6
9397,1,170
9398,2,157.7
9399,1,174.3
9400,2,162.8
9401,1,177.8
9402,2,157
9403,1,173.9
9404,2,151
9405,1,163.3
9406,2,160.4
9407,1,179.5
9408,2,151
9409,1,166.2
9410,2,156.8
9411,2,153.6
9412,1,171.7
9413,2,162.7
9414,2,161.8
9415,2,151.3
9416,1,168
9417,2,155.1
9418,1,173.4
9419,2,158.1
9420,1,165.1
9421,2,164.2
9422,1,170.8
9423,2,167.6
9424,2,160.6
9425,1,161.8
9426,2,153.8
9427,2,154
9428,2,163.8
9429,1,173.4
9430,2,159.6
9431,2,162.4
9432,2,155.3
9433,1,170.2
9434,1,167.9
9435,2,152.8
9436,2,156.3
9437,1,170.7
9438,2,158.3
9439,1,177.3
9440,2,156.1
9441,2,159.5
9442,1,171.7
9443,2,164.1
9444,1,168.8
9445,1,166.6
9446,2,160.1
9447,1,171
9448,2,157.2
9449,1,167.9
9450,2,152.8
9451,1,171.9
9452,2,165.4
9453,2,165.2
9454,2,166.5
9455,2,153.8
9456,1,161.6
9457,2,151.6
9458,2,162
9459,2,151
9460,1,184.2
9461,2,158.6
9462,2,166.3
9463,2,171.2
9464,1,173.9
9465,2,157
9466,1,161.5
9467,2,156.7
9468,1,181.2
9469,2,158.1
9470,1,170.7
9471,1,176.5
9472,2,151.8
9473,1,160.8
9474,2,148.3
9475,2,156.7
9476,1,171.2
9477,1,173.3
9478,2,156.6
9479,1,172.1
9480,1,173.8
9481,2,159.7
9482,1,172
9483,2,165
9484,1,168.6
9485,2,157.5
9486,1,168.5
9487,2,152
9488,2,171
9489,2,153.5
9490,2,158.2
9491,2,163.4
9492,2,159.4
9493,2,152.6
9494,1,171.5
9495,1,178
9496,1,166.2
9497,1,169.7
9498,2,143.2
9499,1,170
9500,2,164
9501,1,172
9502,1,165
9503,2,151
9504,1,173.1
9505,2,152.8
9506,2,158.7
9507,1,173.3
9508,2,160.4
9509,1,179.5
9510,1,164.5
9511,2,164.3
9512,1,171.7
9513,2,163
9514,1,178.8
9515,1,172.3
9516,2,154.8
9517,2,162.8
9518,1,162
9519,2,145.8
9520,2,145.5
9521,1,166.5
9522,1,166.7
9523,2,157
9524,2,158.7
9525,1,161
9526,2,154.6
9527,2,150.6
9528,1,168.5
9529,2,157.6
9530,1,166.4
9531,1,166.2
9532,2,155.1
9533,1,171.8
9534,1,169.5
9535,2,160.6
9536,2,157.1
9537,1,166.3
9538,2,150.3
9539,2,156.4
9540,1,163.9
9541,2,159
9542,1,153.6
9543,2,163.5
9544,1,174.3
9545,1,174.9
9546,2,167.5
9547,2,162.6
9548,1,174.6
9549,2,168
9550,2,168.4
9551,2,155.4
9552,2,152.3
9553,2,167.1
9554,1,174
9555,2,157.7
9556,1,175.6
9557,2,166.8
9558,1,181
9559,1,157.7
9560,2,146.8
9561,1,164
9562,2,153
9563,2,150
9564,2,157.1
9565,1,167.1
9566,2,159.7
9567,2,149.2
9568,1,168.1
9569,2,154.6
9570,2,160
9571,1,160.1
9572,2,149
9573,2,153.8
9574,1,164.9
9575,1,172.5
9576,2,156.2
9577,2,163.1
9578,1,169.5
9579,2,156.7
9580,1,177.7
9581,2,162.5
9582,1,165
9583,2,154
9584,2,163
9585,2,169.2
9586,1,170
9587,1,179.1
9588,1,174.6
9589,2,159.2
9590,2,158.6
9591,1,167
9592,2,158.4
9593,1,178.2
9594,1,168.1
9595,2,157.1
9596,2,160.3
9597,1,173.2
9598,1,152.1
9599,2,155.5
9600,1,169.2
9601,2,155.2
9602,1,172.4
9603,1,168.9
9604,2,150.7
9605,1,169
9606,2,152
9607,1,170.6
9608,2,151.5
9609,1,164.5
9610,2,155.6
9611,2,156.6
9612,1,166.6
9613,2,160.6
9614,2,153.3
9615,1,162
9616,2,158
9617,2,157.8
9618,1,179.6
9619,1,181.4
9620,2,152.6
9621,1,172.5
9622,2,157.2
9623,2,160
9624,1,175.4
9625,2,153.4
9626,2,151.6
9627,2,154
9628,2,161.8
9629,1,167
9630,2,159.2
9631,1,177.1
9632,2,154
9633,1,178.3
9634,2,153.4
9635,1,170.1
9636,1,167.5
9637,2,164.5
9638,1,170.1
9639,2,154.4
9640,2,157.4
9641,1,161.4
9642,2,150.2
9643,1,168.7
9644,2,157.5
9645,2,163.6
9646,2,169.7
9647,2,157.1
9648,2,159.1
9649,1,173.2
9650,2,158
9651,1,176.4
9652,1,169.5
9653,2,162.3
9654,1,172.1
9655,2,153.4
9656,1,161.5
9657,2,156.7
9658,2,164.3
9659,2,160.5
9660,1,172.9
9661,2,155.1
9662,1,167.3
9663,2,154.3
9664,1,169.5
9665,2,157.4
9666,2,161.3
9667,2,159.5
9668,2,157.7
9669,1,175.7
9670,2,156.7
9671,1,162.3
9672,2,165.5
9673,2,155.1
9674,2,155.9
9675,1,169.3
9676,2,158.5
9677,1,162
9678,2,155.3
9679,2,151.8
9680,1,169.1
9681,2,152.6
9682,1,158
9683,2,148
9684,2,158
9685,1,173.7
9686,2,151.1
9687,2,143.4
9688,1,160.4
9689,2,156.7
9690,1,175.6
9691,2,157.1
9692,2,153
9693,1,169.8
9694,2,165.3
9695,1,175.2
9696,1,169.2
9697,2,152.4
9698,2,154.7
9699,2,160
9700,1,164.5
9701,1,160.9
9702,2,151.9
9703,2,154.5
9704,2,149.2
9705,2,155.2
9706,1,165.7
9707,2,154.7
9708,1,172.8
9709,2,155.2
9710,1,173.2
9711,2,164.6
9712,2,168.2
9713,1,166.9
9714,2,158.5
9715,1,179.7
9716,1,164.7
9717,2,160.1
9718,1,167.4
9719,2,159.1
9720,1,172.7
9721,1,165.1
9722,2,165.7
9723,2,159.4
9724,2,165
9725,1,171.9
9726,2,154.9
9727,1,168.6
9728,2,161.9
9729,1,169.4
9730,2,165.5
9731,1,169.7
9732,2,154.2
9733,1,169.2
9734,1,177.1
9735,2,160.6
9736,1,169.3
9737,2,153.8
9738,1,160.1
9739,2,162.1
9740,1,166.7
9741,2,158.7
9742,1,178.7
9743,2,158.3
9744,2,160.3
9745,2,166.2
9746,2,172.5
9747,2,154.6
9748,2,157.2
9749,1,170
9750,2,164
9751,1,164
9752,2,156.7
9753,2,158.5
9754,1,172.3
9755,2,158
9756,2,159.5
9757,1,175.3
9758,2,157.4
9759,2,163.4
9760,2,160.6
9761,1,182
9762,2,149.8
9763,1,160.6
9764,2,151.7
9765,2,153.1
9766,1,168.7
9767,2,153.5
9768,1,169.1
9769,2,163.6
9770,1,184.5
9771,1,168.7
9772,2,152
9773,1,167.1
9774,2,160.7
9775,2,161.8
9776,1,172.4
9777,1,174.3
9778,2,149.8
9779,2,161
9780,2,163
9781,2,158.9
9782,2,149.5
9783,1,168.9
9784,1,160.4
9785,2,154
9786,1,171.6
9787,1,164.6
9788,2,163.6
9789,2,151
9790,2,150.6
9791,1,153.7
9792,2,153.5
9793,2,156.9
9794,1,163.8
9795,1,167.9
9796,2,155.5
9797,1,171.4
9798,2,149.7
9799,1,175.6
9800,2,152.1
9801,2,155.7
9802,1,173.9
9803,2,160.5
9804,2,155.6
9805,1,165.1
9806,2,156.1
9807,1,175.2
9808,2,157
9809,1,168.8
9810,2,155
9811,2,171.5
9812,1,168.3
9813,2,158.7
9814,1,169.1
9815,2,164.5
9816,1,182
9817,1,159.4
9818,2,156.9
9819,2,157.9
9820,2,162.8
9821,2,151.2
9822,2,161.8
9823,2,158.5
9824,1,178.7
9825,2,155
9826,2,158.6
9827,2,161.9
9828,2,158
9829,1,174.6
9830,1,170.7
9831,2,162.5
9832,2,148.9
9833,2,159.4
9834,1,162.6
9835,2,163.3
9836,1,177
9837,2,152.3
9838,2,161.7
9839,1,180.5
9840,1,168.9
9841,2,161.7
9842,2,154.8
9843,2,154.4
9844,2,159.3
9845,1,169.6
9846,2,149
9847,1,171.7
9848,2,151.2
9849,1,180.1
9850,2,160
9851,1,173.6
9852,2,154.2
9853,1,174.2
9854,2,156.3
9855,1,177.2
9856,1,165.7
9857,2,156.1
9858,1,171.2
9859,1,168.4
9860,2,165.8
9861,2,156.4
9862,1,177.3
9863,2,154.9
9864,1,175.9
9865,1,159.6
9866,2,156.8
9867,1,167.9
9868,2,156.4
9869,1,174
9870,1,173.3
9871,2,162.3
9872,1,162.9
9873,2,158.9
9874,2,156.9
9875,2,160.1
9876,1,167.4
9877,2,153.4
9878,2,162.4
9879,1,162.8
9880,2,156.2
9881,1,174.4
9882,2,163.4
9883,1,170.3
9884,2,157.4
9885,1,173.1
9886,2,158.6
9887,2,158.8
9888,2,157.5
9889,1,165.1
9890,2,160.3
9891,1,176.1
9892,2,164.1
9893,2,157.5
9894,1,171.5
9895,2,167.9
9896,1,169.7
9897,2,156.8
9898,2,154.5
9899,1,177
9900,2,157.4
9901,1,164.8
9902,2,163.3
9903,2,160.5
9904,2,158.7
9905,1,169
9906,2,153.7
9907,1,179.9
9908,2,165.5
9909,1,158.8
9910,2,162.2
9911,2,161.1
9912,1,173.4
9913,2,161.8
9914,2,160.7
9915,1,173.7
9916,1,164.5
9917,2,150.4
9918,2,152.2
9919,1,158.9
9920,2,152.9
9921,2,159
9922,1,180.7
9923,2,155.9
9924,1,187.7
9925,1,189.2
9926,1,171.6
9927,1,166.2
9928,2,155.1
9929,1,161.7
9930,1,159.9
9931,2,153
9932,2,158.8
9933,1,172.5
9934,1,173.2
9935,2,158.7
9936,2,158
9937,1,173.8
9938,1,171.8
9939,2,151.8
9940,2,169
9941,1,171
9942,2,161.7
9943,1,167.5
9944,2,155.2
9945,1,173
9946,1,172.4
9947,2,148.8
9948,1,165.9
9949,2,159.2
9950,2,162.1
9951,1,174.9
9952,2,159.6
9953,2,166.4
9954,1,167.5
9955,2,144.3
9956,1,176.6
9957,2,154.8
9958,2,139.8
9959,1,170.3
9960,2,158.3
9961,1,175.7
9962,1,175.7
9963,1,181.5
9964,2,151.2
9965,1,180.6
9966,2,151.7
9967,1,178.8
9968,2,155.1
9969,2,158.8
9970,1,174.5
9971,2,149.7
9972,1,176.6
9973,2,166.4
9974,1,162.4
9975,2,152.9
9976,1,163.9
9977,2,158.3
9978,1,178.7
9979,2,164.5
9980,1,161.2
9981,2,155.7
9982,2,164.5
9983,1,177.7
9984,1,173.7
9985,2,161
9986,1,180.8
9987,2,155.4
9988,1,175.6
9989,2,150.9
9990,2,155
9991,1,171.1
9992,2,156.5
9993,1,171.6
9994,2,154
9995,1,161.2
9996,2,153.6
9997,2,171.4
9998,2,155.2
9999,2,156.8
10000,1,174.5
10001,2,163.3
10002,1,167.6
10003,2,160.1
10004,2,163
10005,2,156.7
10006,1,164.3
10007,2,171.9
10008,2,168
10009,1,177
10010,1,159.2
10011,2,159.2
10012,1,165.9
10013,2,159.7
10014,1,172.8
10015,2,167.6
10016,1,170
10017,2,165.6
10018,2,156.7
10019,1,178.2
10020,2,162.8
10021,2,156.8
10022,1,174.4
10023,2,158
10024,2,161.1
10025,2,158.4
10026,2,161.2
10027,1,182.1
10028,2,156.2
10029,1,169.2
10030,2,156
10031,2,158.6
10032,2,168.7
10033,1,160.8
10034,2,162.3
10035,1,170.3
10036,1,170.4
10037,2,167.4
10038,1,174.6
10039,2,155.4
10040,2,166.2
10041,1,171
10042,2,154.9
10043,1,168.4
10044,2,166.3
10045,1,177.8
10046,1,167.6
10047,2,152.8
10048,2,163.1
10049,1,176.2
10050,2,153.9
10051,1,160.8
10052,2,155.1
10053,1,170
10054,1,170
10055,2,150.6
10056,2,162.6
10057,1,169.6
10058,1,169.9
10059,2,154.4
10060,1,165.1
10061,2,162.7
10062,1,161.9
10063,2,158.6
10064,2,159.2
10065,2,161.6
10066,2,156.1
10067,1,169.5
10068,1,177.7
10069,2,150.2
10070,2,157.2
10071,1,163.1
10072,2,150.4
10073,2,163.9
10074,2,164.8
10075,2,159
10076,1,152.3
10077,1,171.3
10078,2,159.3
10079,2,158.1
10080,1,176.8
10081,2,160.6
10082,1,160.3
10083,1,172.1
10084,2,154.3
10085,2,157.2
10086,1,164.8
10087,2,158.8
10088,1,174.5
10089,2,151.8
10090,2,157
10091,1,175
10092,1,182.5
10093,1,172.5
10094,2,162.7
10095,1,158.1
10096,2,149.5
10097,2,156.4
10098,2,155.7
10099,1,167.7
10100,1,172.8
10101,2,164.4
10102,2,161.2
10103,1,171.6
10104,2,156.5
10105,2,150.5
10106,2,158.8
10107,1,173.4
10108,2,165.3
10109,2,150.8
10110,1,169.5
10111,1,164.6
10112,2,149.5
10113,2,151.2
10114,2,156.1
10115,1,168.1
10116,2,161.5
10117,1,186.5
10118,2,158.5
10119,1,167.5
10120,2,158.3
10121,2,163.2
10122,2,163.8
10123,2,161.6
10124,1,165.6
10125,2,153.3
10126,2,158.2
10127,2,165.4
10128,2,159.6
10129,2,154.4
10130,1,172.9
10131,2,156.5
10132,1,168.7
10133,2,159.2
10134,1,172.7
10135,2,163
10136,1,173
10137,2,158.2
10138,1,176.8
10139,1,183.2
10140,2,166.8
10141,1,172
10142,2,149.2
10143,1,176.8
10144,2,165
10145,2,155.4
10146,1,172.6
10147,1,169.4
10148,2,156.8
10149,1,176.2
10150,1,173.5
10151,2,155.1
10152,2,152.1
10153,1,164.3
10154,2,159.5
10155,2,159.1
10156,2,146.1
10157,1,167.7
10158,1,170
10159,2,156.6
10160,1,173.9
10161,2,155.9
10162,1,177.4
10163,2,165.6
10164,1,165.7
10165,2,152.2
10166,2,158.2
10167,1,178
10168,1,156.5
10169,1,166.5
10170,2,156.7
10171,2,159.9
10172,1,169.6
10173,2,156.9
10174,1,160
10175,2,163.4
10176,1,167
10177,2,160
10178,2,150.8
10179,1,171.8
10180,2,156.4
10181,2,159.9
10182,2,156.8
10183,2,153.6
10184,1,169.2
10185,2,157.4
10186,1,175
10187,2,156.5
10188,1,164
10189,2,164.4
10190,1,155.2
10191,2,151.7
10192,1,173.6
10193,2,153.7
10194,2,157.2
10195,1,161
10196,2,163.2
10197,1,167.1
10198,2,154
10199,1,173.9
10200,2,158.4
10201,1,179.3
10202,2,174.3
10203,1,164.5
10204,2,161.4
10205,1,176.1
10206,2,154
10207,1,166.8
10208,2,148.5
10209,1,176.2
10210,2,155.1
10211,1,176.3
10212,2,155
10213,2,156.4
10214,1,174.1
10215,2,156.7
10216,1,172.9
10217,2,155.1
10218,1,170.4
10219,2,152.1
10220,1,166.3
10221,2,152.4
10222,2,149.3
10223,2,158
10224,1,167
10225,2,162.8
10226,1,165.7
10227,2,154.1
10228,1,163.8
10229,2,148.7
10230,1,164
10231,1,175.2
10232,2,165.3
10233,2,155.5
10234,1,174.2
10235,2,153.4
10236,2,153
10237,1,170.8
10238,2,157.9
10239,1,175.8
10240,2,159.4
10241,1,161.4
10242,1,170.9
10243,2,152.5
10244,2,163.6
10245,1,177.2
10246,2,163.8
10247,2,157.1
10248,1,175.7
10249,2,162
10250,1,165.4
10251,2,158.6
10252,1,167.9
10253,2,149.7
10254,2,150.6
10255,1,159.6
10256,1,158.8
10257,2,159.5
10258,2,149.5
10259,2,152.2
10260,2,160
10261,2,159.7
10262,2,156.7
10263,1,170
10264,2,154.3
10265,1,167.3
10266,2,148.9
10267,1,169.7
10268,1,163
10269,2,154.4
10270,2,157
10271,1,162
10272,1,174.5
10273,2,153.4
10274,2,159.5
10275,1,171.4
10276,2,157.6
10277,1,173.5
10278,2,155.3
10279,1,167.9
10280,2,156.4
10281,1,176.3
10282,2,151.4
10283,1,169.8
10284,2,160
10285,2,160.7
10286,2,162.1
10287,1,170.6
10288,2,166.3
10289,1,171.9
10290,2,161.7
10291,1,161
10292,2,156.1
10293,1,175.8
10294,1,173.2
10295,2,156.4
10296,2,152
10297,1,175.2
10298,2,157.4
10299,1,173.2
10300,2,156.8
10301,1,177.5
10302,2,162.3
10303,1,168.5
10304,2,169.2
10305,1,172.6
10306,2,158.3
10307,2,167.5
10308,2,165.1
10309,1,166.1
10310,2,152.2
10311,1,172.2
10312,2,160
10313,2,156.6
10314,2,157.4
10315,1,164.7
10316,2,160.3
10317,1,168.6
10318,2,164.5
10319,1,174
10320,2,164.5
10321,2,170.2
10322,1,159.4
10323,2,165.7
10324,1,172
10325,2,162.5
10326,1,170.2
10327,1,175.2
10328,1,164
10329,2,162.5
10330,1,172
10331,2,160.7
10332,1,167.8
10333,2,150.2
10334,2,165.6
10335,1,177.6
10336,2,154
10337,1,169.3
10338,1,165.4
10339,2,153
10340,1,166.4
10341,1,173.2
10342,1,161
10343,2,165.7
10344,1,183.1
10345,2,155.4
10346,2,154.2
10347,1,160
10348,2,167
10349,1,182
10350,1,168.4
10351,2,158.6
10352,1,166
10353,2,160.3
10354,2,165.5
10355,1,180.9
10356,2,159.4
10357,2,158
10358,1,174.5
10359,2,160.4
10360,2,157.7
10361,1,177.5
10362,1,165.5
10363,2,146.2
10364,1,169.5
10365,1,178.1
10366,2,157.3
10367,1,166.4
10368,2,154.3
10369,1,170
10370,2,155.8
10371,1,168.8
10372,2,161.2
10373,2,165.2
10374,1,167
10375,2,165
10376,2,157.9
10377,2,161.8
10378,2,158.4
10379,1,169.2
10380,2,159.3
10381,1,176.8
10382,2,161.7
10383,1,181.9
10384,2,150
10385,1,173.6
10386,2,157
10387,2,168
10388,2,161.5
10389,2,154.3
10390,2,161.8
10391,1,176.5
10392,2,163.8
10393,1,166.2
10394,2,159.3
10395,2,151.9
10396,1,168
10397,2,158.8
10398,2,154.8
10399,1,175
10400,1,171.1
10401,2,151
10402,1,177.3
10403,2,165.2
10404,1,172.5
10405,2,147.8
10406,2,154.3
10407,1,167.6
10408,2,156.3
10409,1,174.4
10410,1,173
10411,1,171
10412,2,156.4
10413,2,149
10414,1,172.4
10415,2,158.2
10416,1,171.7
10417,2,148
10418,2,158.4
10419,1,167
10420,2,155.8
10421,2,159
10422,1,163.4
10423,2,151.1
10424,2,154.9
10425,1,167.9
10426,2,153.6
10427,2,157.8
10428,1,168
10429,2,157
10430,1,161
10431,2,151
10432,1,177.5
10433,2,155.6
10434,1,172.2
10435,2,157.6
10436,1,179.1
10437,2,165.3
10438,2,152
10439,1,166.4
10440,2,152.5
10441,1,177
10442,2,160.6
10443,2,161.3
10444,1,176.8
10445,2,155.7
10446,2,157.6
10447,1,172
10448,2,152.3
10449,1,166.1
10450,2,164.3
10451,1,172.3
10452,2,160.5
10453,2,147.8
10454,2,150.7
10455,1,170.1
10456,2,155.1
10457,1,175.2
10458,2,162.5
10459,2,166.9
10460,2,161.5
10461,1,177.7
10462,2,160.5
10463,1,168.5
10464,2,163.7
10465,1,170.5
10466,2,158.2
10467,2,163.6
10468,2,169.7
10469,1,166.6
10470,2,152.6
10471,2,156.4
10472,1,165.9
10473,2,158.5
10474,1,171.2
10475,2,150.1
10476,2,151.2
10477,1,171.5
10478,1,172.6
10479,2,156.6
10480,1,176.4
10481,2,159.4
10482,1,168.2
10483,2,159.4
10484,1,168.8
10485,2,159.2
10486,1,170.5
10487,1,162.9
10488,2,151.1
10489,1,160.4
10490,1,168.6
10491,2,154
10492,1,167.4
10493,2,155.3
10494,1,170.2
10495,1,181.6
10496,2,166.7
10497,2,152.2
10498,1,169.9
10499,2,165.5
10500,2,156.8
10501,1,167.5
10502,2,165.5
10503,1,166.8
10504,2,161.8
10505,2,169.1
10506,2,155.6
10507,2,162.1
10508,1,178.6
10509,2,154.1
10510,2,159.2
10511,1,169.6
10512,2,158.1
10513,2,164
10514,2,173
10515,2,166.2
10516,2,158.5
10517,1,163.2
10518,2,159.8
10519,1,167.4
10520,2,149.2
10521,2,149.5
10522,1,162
10523,1,172
10524,1,167
10525,2,154.7
10526,2,154.2
10527,1,172.7
10528,1,186.4
10529,2,155.2
10530,1,154.2
10531,1,163.1
10532,2,152.1
10533,1,172.4
10534,2,161.4
10535,1,179.7
10536,2,155.2
10537,1,182
10538,2,161.5
10539,2,162
10540,1,161.8
10541,2,150.7
10542,1,166.7
10543,2,163
10544,2,163
10545,2,154.1
10546,1,166.8
10547,2,160.3
10548,1,177.9
10549,2,161.9
10550,2,169.8
10551,1,167.2
10552,2,158.4
10553,2,156.3
10554,2,161.3
10555,1,166.2
10556,2,160.6
10557,1,162.3
10558,2,163
10559,2,163
10560,2,154.5
10561,1,161
10562,2,160
10563,2,167
10564,1,168
10565,2,166
10566,2,167
10567,2,163
10568,2,159
10569,2,157
10570,1,176.5
10571,2,162
10572,2,159
10573,2,160
10574,1,164.4
10575,2,160
10576,1,176.7
10577,2,158
10578,2,170
10579,2,166.4
10580,1,176.4
10581,2,161.5
10582,2,159
10583,2,157
10584,1,161.4
10585,2,152.6
10586,1,170
10587,2,153
10588,2,159
10589,2,159.7
10590,1,164.5
10591,2,157.9
10592,1,173.1
10593,1,160.4
10594,2,148.2
10595,1,172.5
10596,2,161.5
10597,2,155.4
10598,1,176.2
10599,2,158.9
10600,1,165.5
10601,2,155.2
10602,1,173.3
10603,2,151
10604,1,178.5
10605,1,170.5
10606,2,155.4
10607,1,172.5
10608,1,169
10609,2,166
10610,2,146
10611,1,176.5
10612,2,155.5
10613,2,160.2
10614,2,159.3
10615,2,151.2
10616,1,175
10617,2,154
10618,1,159.6
10619,1,164.1
10620,2,148.3
10621,2,155.3
10622,1,169
10623,2,164.6
10624,1,169
10625,1,170.8
10626,2,162.8
10627,2,152.5
10628,1,165.1
10629,2,157.6
10630,1,167
10631,2,155.6
10632,2,155.5
10633,1,163.9
10634,2,156.3
10635,2,163.5
10636,1,169
10637,1,171
10638,2,157
10639,2,148.7
10640,1,177.7
10641,2,153.4
10642,1,181.9
10643,2,154.7
10644,2,165.9
10645,1,175
10646,2,156.8
10647,1,167
10648,2,158
10649,2,158
10650,2,162
10651,1,172
10652,2,158
10653,2,142.7
10654,2,151.2
10655,1,172.8
10656,2,158
10657,1,176
10658,2,154
10659,1,185
10660,2,151
10661,1,175
10662,2,168
10663,1,170
10664,2,154.4
10665,1,173
10666,2,154
10667,2,160
10668,2,153.8
10669,1,165.7
10670,2,153
10671,1,168.2
10672,1,175
10673,1,179
10674,2,157
10675,1,171
10676,2,158.4
10677,1,172
10678,2,159
10679,1,173
10680,1,168.6
10681,2,153.6
10682,2,170.2
10683,2,161.5
10684,2,165.1
10685,1,162
10686,2,166.9
10687,2,159.8
10688,1,166.6
10689,2,150.5
10690,1,160.8
10691,2,155.1
10692,1,170.8
10693,2,157.6
10694,2,163.2
10695,2,158.4
10696,1,174.1
10697,1,170.6
10698,2,165.7
10699,2,153.9
10700,1,168
10701,2,159.3
10702,1,162.3
10703,2,157.5
10704,1,168.1
10705,1,176.8
10706,2,161.2
10707,1,175.2
10708,2,159.5
10709,1,162
10710,1,172.1
10711,2,155.5
10712,1,174.6
10713,1,170.6
10714,2,158.4
10715,2,159.5
10716,1,182.9
10717,2,157.8
10718,1,174.1
10719,2,159.6
10720,2,160.4
10721,2,152.6
10722,1,170
10723,2,155
10724,2,161
10725,2,163
10726,2,160
10727,2,149.5
10728,1,176
10729,2,161
10730,1,175.4
10731,2,158.5
10732,2,152.1
10733,1,181.1
10734,2,165
10735,2,155.3
10736,2,156.5
10737,1,164.2
10738,2,159.2
10739,2,148.6
10740,2,155.6
10741,2,160.1
10742,1,169.2
10743,2,158
10744,1,168.8
10745,2,154.3
10746,1,169.5
10747,1,175
10748,2,162
10749,1,166.4
10750,2,156
10751,1,178
10752,1,169.6
10753,2,167.6
10754,2,168.9
10755,1,169.3
10756,2,156.4
10757,1,178.6
10758,2,158.6
10759,1,171.1
10760,2,154.4
10761,1,182
10762,1,176
10763,1,173
10764,2,147
10765,2,158
10766,2,159
10767,1,172
10768,2,155.1
10769,1,160.8
10770,2,158.5
10771,1,169
10772,2,156.7
10773,2,163.9
10774,1,168.8
10775,2,159.7
10776,2,160
10777,1,177.7
10778,2,161
10779,2,155.8
10780,1,170
10781,1,175
10782,2,160
10783,1,162
10784,2,149.2
10785,1,170
10786,1,171.9
10787,2,163.5
10788,2,146.5
10789,1,173.7
10790,2,161
10791,1,173.3
10792,2,146
10793,2,165
10794,1,183
10795,2,163
10796,2,165
10797,1,170
10798,2,158.8
10799,1,172.4
10800,2,151
10801,1,169.8
10802,2,158.9
10803,2,158
10804,1,171
10805,2,152
10806,1,173
10807,2,156.7
10808,1,175
10809,2,161
10810,1,162.5
10811,2,147
10812,2,162.7
10813,1,168.5
10814,2,155.1
10815,2,158
10816,2,151.8
10817,1,166.5
10818,2,158.9
10819,1,171.8
10820,2,159.5
10821,1,163
10822,2,157
10823,1,172
10824,2,156.2
10825,1,167.5
10826,2,162
10827,2,152.1
10828,2,165.2
10829,2,160
10830,2,160.2
10831,1,183
10832,2,157.2
10833,1,169.5
10834,2,159.4
10835,2,165.2
10836,1,171.5
10837,2,151
10838,2,159.4
10839,1,166.7
10840,2,155.7
10841,2,154.6
10842,2,155.5
10843,1,168.5
10844,2,148.9
10845,1,164.2
10846,2,162
10847,1,172
10848,2,162
10849,1,170
10850,1,173
10851,2,168
10852,2,155.1
10853,1,168.5
10854,2,165
10855,1,173.2
10856,2,162.1
10857,1,169
10858,2,164
10859,1,169
10860,2,153.4
10861,1,162.5
10862,2,158.7
10863,1,168.3
10864,1,173
10865,1,167.2
10866,2,162.8
10867,2,158.4
10868,1,171.2
10869,1,162.5
10870,2,154.2
10871,1,172.4
10872,2,160.6
10873,1,165
10874,1,165
10875,1,180
10876,2,158
10877,2,160
10878,1,165.5
10879,2,152.7
10880,2,151.8
10881,2,161.8
10882,2,161.8
10883,2,147.2
10884,1,179.5
10885,2,155.4
10886,2,158.5
10887,2,159.5
10888,1,174.9
10889,2,163.6
10890,2,158.5
10891,1,176.1
10892,2,166.5
10893,2,156.4
10894,1,162.8
10895,2,155.4
10896,1,170.4
10897,2,158.5
10898,1,167.5
10899,2,158.2
10900,2,157
10901,2,153.8
10902,1,181.5
10903,2,165.5
10904,1,170.5
10905,2,155.2
10906,1,171
10907,2,153.3
10908,1,178.2
10909,2,163
10910,2,158.8
10911,1,169.1
10912,2,160.2
10913,1,171.2
10914,2,163.5
10915,1,174.3
10916,2,174.8
10917,1,174.7
10918,2,166.4
10919,2,155.4
10920,1,166.6
10921,2,153.4
10922,1,169.1
10923,1,172.7
10924,2,155.8
10925,1,160.2
10926,2,144.4
10927,1,173.3
10928,2,152
10929,1,170.8
10930,1,171.5
10931,2,159.7
10932,1,165.6
10933,2,151.3
10934,2,159.2
10935,2,145.3
10936,1,156.5
10937,2,151.9
10938,1,170.8
10939,2,154.6
10940,1,171.8
10941,2,159.2
10942,1,165.8
10943,2,163.4
10944,2,150.5
10945,1,174.4
10946,1,167.4
10947,1,172.7
10948,1,165.5
10949,1,169.3
10950,2,163
10951,1,165.8
10952,2,145.5
10953,2,156.7
10954,1,162.7
10955,2,138.8
10956,2,159.9
10957,1,163
10958,2,159.8
10959,2,151
10960,1,170
10961,2,165
10962,1,170
10963,2,153
10964,1,171
10965,2,163.2
10966,1,164
10967,2,157
10968,2,165.4
10969,2,157
10970,1,175.2
10971,2,153.2
10972,1,172
10973,2,163
10974,2,167
10975,2,165
10976,2,151
10977,2,153.5
10978,1,172.5
10979,2,149.2
10980,2,154.8
10981,1,176.8
10982,2,156.2
10983,2,157.5
10984,1,157.5
10985,2,159.4
10986,2,156
10987,2,154.3
10988,1,161.7
10989,2,157.6
10990,2,149.2
10991,1,170.1
10992,2,155.1
10993,1,171.2
10994,2,159.3
10995,1,173.5
10996,2,147.8
10997,1,170.2
10998,1,166.7
10999,1,174
11000,2,153.5
11001,1,169.4
11002,1,177.5
11003,2,167
11004,2,163
11005,1,168
11006,2,153
11007,1,166.5
11008,2,155.1
11009,1,163.3
11010,2,158.1
11011,1,175.4
11012,1,163.8
11013,2,160.8
11014,1,172.3
11015,2,154
11016,2,161.8
11017,1,176.8
11018,2,158.3
11019,1,164.1
11020,2,163.3
11021,1,172.5
11022,1,160.1
11023,2,146.4
11024,1,169
11025,2,156
11026,1,163.9
11027,2,160
11028,2,154.6
11029,2,158.2
11030,2,158.5
11031,1,164.3
11032,2,156.9
11033,1,166
11034,1,161.9
11035,2,153.7
11036,2,153.3
11037,1,172
11038,2,158
11039,1,174.9
11040,2,158.9
11041,2,166.2
11042,1,182
11043,2,155.3
11044,2,154.4
11045,1,174
11046,1,170
11047,2,158
11048,2,164
11049,1,162
11050,2,157
11051,1,158.7
11052,2,162.6
11053,1,168.3
11054,2,158.9
11055,1,171.3
11056,2,164.8
11057,1,180
11058,2,158.5
11059,2,157.1
11060,1,178
11061,1,172
11062,1,171.2
11063,2,167.3
11064,2,151.5
11065,2,154.1
11066,1,161.3
11067,2,151.2
11068,1,183.5
11069,2,167.6
11070,2,158.6
11071,2,168.7
11072,2,166.2
11073,1,177
11074,2,162.8
11075,1,163.7
11076,2,159.7
11077,2,159.8
11078,2,166.4
11079,1,175.2
11080,1,173.1
11081,1,170.5
11082,2,167.3
11083,1,169.3
11084,2,159.6
11085,1,171.1
11086,1,171.5
11087,2,156.9
11088,1,174
11089,1,168.8
11090,2,161.6
11091,1,173.5
11092,2,166
11093,2,163.5
11094,1,161.5
11095,2,166.1
11096,1,174
11097,2,156.7
11098,2,161
11099,2,152.3
11100,2,156.5
11101,2,164.2
11102,1,174
11103,1,186.6
11104,1,172
11105,2,158
11106,1,174.2
11107,2,156.6
11108,1,161.6
11109,2,153.8
11110,2,161.2
11111,1,167
11112,2,157.1
11113,1,169
11114,2,151
11115,1,162.2
11116,2,160.1
11117,2,158
11118,1,165
11119,2,156.8
11120,1,176
11121,1,174
11122,1,173
11123,2,159.8
11124,1,177.4
11125,1,152.3
11126,2,142.3
11127,1,176.9
11128,2,132.2
11129,1,167.6
11130,2,153.5
11131,2,160
11132,2,167
11133,1,170
11134,2,155
11135,1,166
11136,2,159
11137,2,162.8
11138,2,145.9
11139,1,152.6
11140,2,153
11141,1,173.1
11142,2,163.1
11143,2,163.6
11144,1,181.3
11145,1,166.8
11146,2,157.1
11147,1,153
11148,2,153
11149,1,169.7
11150,1,170
11151,1,175
11152,2,156
11153,1,179.5
11154,2,156
11155,1,173.3
11156,2,157.4
11157,1,161.6
11158,2,158.1
11159,1,175.9
11160,2,158
11161,1,168
11162,2,147.2
11163,1,175.6
11164,2,140.8
11165,1,167.1
11166,2,150.7
11167,1,174.2
11168,1,165.7
11169,2,144.8
11170,1,173.5
11171,1,174.5
11172,1,159.6
11173,2,154.5
11174,2,159.4
11175,1,168.8
11176,2,163.2
11177,1,169
11178,2,161.8
11179,1,170.3
11180,2,156.4
11181,1,175.3
11182,2,160.4
11183,1,165.4
11184,2,158
11185,1,162.6
11186,1,164.8
11187,2,151.6
11188,2,163.3
11189,2,146.5
11190,2,156.3
11191,2,163.3
11192,2,156.6
11193,1,176.7
11194,1,157.4
11195,2,159.2
11196,1,168
11197,2,145
11198,2,156.7
11199,1,172.3
11200,2,159.3
11201,2,152
11202,1,177.7
11203,2,161
11204,1,165.8
11205,2,155.8
11206,2,151.8
11207,1,177.6
11208,2,148.7
11209,1,171.7
11210,2,147.6
11211,1,172.1
11212,2,163.1
11213,1,180.1
11214,2,161.3
11215,1,180.5
11216,1,178.7
11217,2,163.7
11218,2,154.1
11219,2,162
11220,2,157
11221,1,173.8
11222,2,156.9
11223,2,163.4
11224,1,160.2
11225,2,155.4
11226,1,164
11227,2,153
11228,2,155.5
11229,1,165.5
11230,1,177.7
11231,2,160.5
11232,1,169.6
11233,1,170.9
11234,2,159.5
11235,1,168.4
11236,2,157.6
11237,1,179.2
11238,2,158.7
11239,2,171
11240,1,173.3
11241,2,166.7
11242,1,162.5
11243,2,157.8
11244,1,170.8
11245,2,157.3
11246,2,161.3
11247,1,157.1
11248,2,165
11249,1,174.1
11250,2,163.6
11251,2,165.7
11252,2,148.4
11253,2,150
11254,2,162
11255,1,161.5
11256,2,152.1
11257,1,163.5
11258,2,155.3
11259,1,171.3
11260,1,171.6
11261,1,164.6
11262,2,157
11263,2,150
11264,2,152.2
11265,2,158.1
11266,1,164.8
11267,2,159.7
11268,2,162.5
11269,1,171.8
11270,1,166.7
11271,2,158.3
11272,2,158.2
11273,1,159.7
11274,2,160.8
11275,2,159.2
11276,1,176.9
11277,2,159.4
11278,1,167.5
11279,2,163.4
11280,1,175.2
11281,2,161.3
11282,2,156.3
11283,1,162.5
11284,2,159
11285,2,152.1
11286,1,166.3
11287,2,151.7
11288,1,167.5
11289,2,154.4
11290,1,173.3
11291,2,165.2
11292,2,161.8
11293,1,170
11294,2,156.3
11295,2,156.7
11296,1,174
11297,2,161
11298,1,172.7
11299,2,153.9
11300,1,170
11301,2,161.8
11302,1,181.6
11303,2,161.1
11304,2,157.2
11305,2,155.8
11306,1,169.1
11307,2,156
11308,1,172.9
11309,2,167.1
11310,1,162.1
11311,2,160.5
11312,2,164.7
11313,1,159.6
11314,2,150.5
11315,2,159.7
11316,1,160.2
11317,2,154.9
11318,1,173.3
11319,2,161.5
11320,1,167.3
11321,2,154.8
11322,1,176.9
11323,2,158.6
11324,1,175.1
11325,2,161.7
11326,2,157.6
11327,1,175.5
11328,2,156.6
11329,2,165.5
11330,2,162.7
11331,1,164.5
11332,2,157.8
11333,1,173.2
11334,1,177.3
11335,2,155.9
11336,1,183.4
11337,2,165.6
11338,1,161.4
11339,2,158.4
11340,2,169.8
11341,2,163
11342,1,164.6
11343,2,150.5
11344,2,164
11345,2,169.6
11346,1,177.6
11347,2,145.5
11348,1,170
11349,2,163
11350,2,163
11351,1,175
11352,1,168.4
11353,2,150.8
11354,2,147.4
11355,1,170.4
11356,2,152.7
11357,1,163.7
11358,1,165
11359,2,152.7
11360,2,160
11361,1,178
11362,1,171.2
11363,2,158.8
11364,1,180
11365,2,165.9
11366,2,155.6
11367,1,167.7
11368,2,155.2
11369,1,168
11370,2,159
11371,1,185.7
11372,2,159.1
11373,2,159
11374,1,164.5
11375,2,156
11376,1,168
11377,2,165.3
11378,1,181.7
11379,2,159.6
11380,1,173.4
11381,2,157.3
11382,2,152.5
11383,1,174.5
11384,2,156
11385,1,180
11386,1,177
11387,2,159
11388,1,165.7
11389,2,167.6
11390,2,159
11391,2,164
11392,1,174
11393,1,162
11394,2,158.6
11395,2,165.8
11396,2,151.4
11397,2,153.3
11398,2,150
11399,1,185.4
11400,2,156.8
11401,1,167
11402,2,155
11403,2,160
11404,1,171
11405,1,183.3
11406,2,155.4
11407,2,157.2
11408,1,173
11409,2,157.4
11410,1,165
11411,2,156
11412,2,152.6
11413,1,162.7
11414,2,148
11415,1,158.4
11416,1,167
11417,1,172
11418,1,180.1
11419,1,169
11420,2,157.1
11421,2,155
11422,2,153.2
11423,2,147.6
11424,1,173
11425,2,156
11426,1,171
11427,1,174
11428,2,156.7
11429,1,180
11430,2,160.2
11431,2,159.5
11432,2,166.5
11433,2,158.2
11434,1,167
11435,2,152.7
11436,1,175.2
11437,1,178.2
11438,2,166.6
11439,1,150.6
11440,2,145.3
11441,1,172.7
11442,1,172
11443,2,157.8
11444,1,171
11445,2,168.1
11446,2,155.9
11447,1,173.8
11448,2,153
11449,2,161.3
11450,2,157.4
11451,1,174.5
11452,2,147.1
11453,2,151.4
11454,2,158.2
11455,1,166.5
11456,2,156.4
11457,1,174.5
11458,2,163.8
11459,1,173.2
11460,2,161.4
11461,1,166.1
11462,1,159
11463,2,155.4
11464,1,172
11465,2,151
11466,1,182
11467,2,151.9
11468,2,156.2
11469,1,163.4
11470,2,158.4
11471,1,168.5
11472,1,166.1
11473,2,167.7
11474,2,162.3
11475,1,168.7
11476,2,152
11477,2,161.2
11478,1,160.9
11479,2,155.9
11480,1,165.6
11481,1,169.4
11482,1,165.2
11483,2,157.7
11484,1,170
11485,2,149.2
11486,2,158.1
11487,1,166
11488,2,161
11489,1,176
11490,1,173
11491,1,169.6
11492,2,155
11493,1,175.9
11494,2,160
11495,2,170.3
11496,2,152.5
11497,2,156.1
11498,2,159.8
11499,2,147.6
11500,2,158.3
11501,2,163.2
11502,1,167
11503,2,157.1
11504,1,171.2
11505,2,165.7
11506,2,150.9
11507,1,166
11508,2,150
11509,1,167.9
11510,2,162.2
11511,2,170
11512,2,159.9
11513,1,166.3
11514,2,157.5
11515,2,157.2
11516,1,173.5
11517,1,168.3
11518,2,157
11519,1,170
11520,2,158.1
11521,1,169.6
11522,2,154.6
11523,2,162.1
11524,2,170.9
11525,2,161.4
11526,2,148.4
11527,1,171
11528,1,174.6
11529,2,152.6
11530,1,164.1
11531,2,159
11532,2,161.6
11533,1,188.9
11534,1,167.2
11535,1,167
11536,2,161.5
11537,1,168.4
11538,2,156.6
11539,2,151.8
11540,1,171.3
11541,1,171.3
11542,2,154
11543,1,163.5
11544,2,154.6
11545,2,160.4
11546,2,156.5
11547,1,166
11548,2,159.4
11549,1,174.5
11550,2,155.5
11551,1,174
11552,2,158
11553,2,147.8
11554,1,182.3
11555,1,170
11556,2,153.5
11557,1,172.5
11558,2,158
11559,1,172
11560,2,156
11561,1,174.9
11562,2,160.1
11563,1,175.1
11564,2,151.6
11565,1,169.2
11566,2,158.1
11567,1,164
11568,1,176.5
11569,2,149.3
11570,2,150.9
11571,2,153.3
11572,1,179.2
11573,2,162.6
11574,1,175.6
11575,2,152.2
11576,2,163.2
11577,1,176.7
11578,2,161.3
11579,1,183.4
11580,1,172.4
11581,2,156.8
11582,1,165.8
11583,2,149.8
11584,1,170.7
11585,1,178.8
11586,2,158.2
11587,1,170.7
11588,2,154.5
11589,1,179.9
11590,1,169.8
11591,2,149.4
11592,1,163.8
11593,1,178.9
11594,2,155.8
11595,1,170.6
11596,2,159.3
11597,2,149.2
11598,1,169.8
11599,2,157
11600,1,168.9
11601,2,162.4
11602,1,176.4
11603,2,153.1
11604,1,169.9
11605,1,165.7
11606,2,144.8
11607,2,157.6
11608,1,174.7
11609,1,162.6
11610,1,173
11611,2,163.2
11612,1,173
11613,2,156.4
11614,1,159.2
11615,2,159.1
11616,2,152.6
11617,2,164.1
11618,2,171.3
11619,1,160.9
11620,2,152.6
11621,1,174
11622,2,141.2
11623,1,171
11624,2,156.4
11625,1,166.7
11626,2,165.6
11627,2,164.7
11628,1,165.8
11629,2,163.1
11630,2,164.5
11631,2,157.5
11632,1,171.3
11633,1,164.2
11634,1,161.2
11635,2,146.5
11636,1,164.1
11637,2,160
11638,1,167.3
11639,2,151.8
11640,2,163.1
11641,2,148.5
11642,1,163.4
11643,2,150.8
11644,1,168.2
11645,2,161.8
11646,1,177.2
11647,2,161.4
11648,1,171.5
11649,2,159.9
11650,2,156.6
11651,2,164.5
11652,1,174.2
11653,2,159.1
11654,1,173.4
11655,2,160.4
11656,1,175.2
11657,2,159.1
11658,1,172.9
11659,2,157.8
11660,2,168
11661,1,169.3
11662,2,152.3
11663,2,153.6
11664,2,157.3
11665,1,175.1
11666,2,170.2
11667,1,169.1
11668,2,162.9
11669,1,172.7
11670,2,157.5
11671,1,174.4
11672,2,156.5
11673,1,177.3
11674,2,159.5
11675,1,164.7
11676,2,150.9
11677,1,168.1
11678,2,160.9
11679,1,169.5
11680,2,154.5
11681,1,177.6
11682,1,159.8
11683,2,156.6
11684,2,157.1
11685,2,158.6
11686,1,174.5
11687,2,166.3
11688,1,174
11689,2,154
11690,1,171.5
11691,2,160.3
11692,2,153.8
11693,2,161.2
11694,2,156
11695,1,172.2
11696,1,171
11697,2,162.5
11698,2,154.7
11699,1,179.9
11700,1,168.3
11701,1,175.6
11702,2,157.7
11703,1,166
11704,2,152.5
11705,2,159
11706,1,175
11707,2,160
11708,1,179
11709,2,162.5
11710,2,165.5
11711,1,164.3
11712,2,162.2
11713,1,171.5
11714,1,178.9
11715,1,174
11716,2,154.1
11717,1,167.1
11718,2,151.7
11719,1,169.6
11720,1,161.5
11721,2,146.4
11722,1,169.7
11723,1,167.8
11724,2,154.2
11725,1,181.5
11726,2,155.8
11727,2,150.2
11728,1,171.7
11729,1,172.7
11730,1,161.5
11731,2,153.9
11732,1,163.3
11733,2,156.6
11734,2,146.5
11735,1,176.8
11736,1,168.1
11737,2,159.8
11738,2,156.8
11739,1,179.1
11740,2,156.6
11741,2,159.5
11742,2,162.2
11743,1,174
11744,2,165.5
11745,1,169.3
11746,2,150.8
11747,1,170.5
11748,1,168.2
11749,1,161.6
11750,1,166.6
11751,2,152.3
11752,1,164.1
11753,1,173.6
11754,2,163.4
11755,1,177.8
11756,2,143.6
11757,2,159.8
11758,1,177
11759,2,158.4
11760,2,151.2
11761,2,163.6
11762,2,162.3
11763,1,162.1
11764,2,157
11765,1,186.1
11766,2,157.8
11767,2,154.9
11768,1,171.6
11769,1,166.9
11770,2,154.6
11771,1,180
11772,2,161
11773,1,167.7
11774,2,153.9
11775,2,165.3
11776,2,163.9
11777,1,169.3
11778,2,151.2
11779,1,177.6
11780,2,149.2
11781,2,163
11782,1,170.5
11783,2,151
11784,1,173
11785,2,162.8
11786,1,179.7
11787,2,158.3
11788,1,165.7
11789,2,154
11790,1,174.1
11791,2,172.5
11792,2,158.6
11793,1,172.6
11794,2,165.7
11795,1,175.8
11796,1,167.9
11797,2,152.7
11798,1,172.6
11799,2,158.2
11800,1,163.5
11801,2,159.9
11802,1,162
11803,2,153.8
11804,1,166.5
11805,1,172.2
11806,1,173.5
11807,2,156.8
11808,2,157.6
11809,1,171
11810,1,171.5
11811,2,155.9
11812,2,166
11813,1,168.7
11814,1,176.5
11815,1,166.9
11816,2,146.2
11817,2,146.8
11818,1,166.4
11819,2,153.5
11820,2,151
11821,2,154.9
11822,1,175.6
11823,2,160.4
11824,1,161.9
11825,1,170.9
11826,2,155.9
11827,1,168.7
11828,2,160.5
11829,1,173.6
11830,2,167.1
11831,1,160
11832,2,155.5
11833,1,169
11834,2,158.7
11835,2,149.9
11836,1,163.1
11837,2,161.9
11838,1,165.4
11839,2,151.9
11840,1,177.2
11841,2,157.7
11842,2,163.4
11843,1,159
11844,2,152
11845,1,168.4
11846,2,158.1
11847,1,158.3
11848,2,148.7
11849,1,183.5
11850,2,160.6
11851,2,162.6
11852,1,170.4
11853,2,158.4
11854,1,168.5
11855,2,168
11856,1,169.7
11857,2,167
11858,1,174.4
11859,2,161.3
11860,1,176.1
11861,2,152.3
11862,1,159.3
11863,2,145.5
11864,2,162.5
11865,1,185.1
11866,2,154.2
11867,1,164
11868,2,159.8
11869,2,154
11870,1,178.4
11871,2,161
11872,1,178.6
11873,2,163.6
11874,1,168.2
11875,2,163.5
11876,2,160.3
11877,1,169.3
11878,2,156.8
11879,1,177.8
11880,2,154.5
11881,1,165.7
11882,2,156.9
11883,1,171.5
11884,2,160
11885,1,171.7
11886,2,158.9
11887,1,163.1
11888,2,156
11889,1,179
11890,2,163
11891,1,165.7
11892,2,169.3
11893,2,161.7
11894,1,180.6
11895,2,161.2
11896,2,155.2
11897,1,181.1
11898,2,157.9
11899,1,169.6
11900,2,157.5
11901,1,170.1
11902,2,170
11903,2,152.4
11904,2,152.4
11905,2,150.9
11906,1,184.1
11907,1,155.4
11908,2,157
11909,2,151.1
11910,1,158.7
11911,2,155
11912,2,143.1
11913,1,171.8
11914,2,168.3
11915,1,162.8
11916,1,168.7
11917,2,153
11918,1,175.7
11919,1,171.1
11920,2,165.1
11921,1,173.6
11922,2,146.7
11923,2,158.7
11924,1,166
11925,2,163.8
11926,1,164.8
11927,2,153.4
11928,1,161.6
11929,1,162.4
11930,2,159
11931,1,177.7
11932,2,157.7
11933,1,160.1
11934,2,144.2
11935,1,167.2
11936,2,145.7
11937,1,170.6
11938,2,160.2
11939,1,162.3
11940,2,146.9
11941,2,152.8
11942,1,160.5
11943,2,159.3
11944,1,179.1
11945,2,162
11946,1,163.8
11947,2,149.2
11948,2,155.8
11949,1,167.5
11950,2,157.2
11951,1,174.2
11952,2,159.3
11953,1,174.9
11954,2,154.6
11955,1,167.4
11956,2,163.2
11957,1,173.5
11958,2,162.1
11959,2,169
11960,2,151.2
11961,2,162.9
11962,1,162.8
11963,2,153.3
11964,1,169.5
11965,2,158.8
11966,2,154.2
11967,1,172.9
11968,2,157.9
11969,2,158.6
11970,2,160.5
11971,2,155.7
11972,2,154.1
11973,2,156.8
11974,1,163
11975,1,177.7
11976,2,167.7
11977,1,179.3
11978,1,167.9
11979,2,165
11980,1,157.9
11981,2,152.9
11982,2,164.4
11983,1,165
11984,2,153.9
11985,2,163.7
11986,1,175.6
11987,2,165.2
11988,1,174.5
11989,2,163.2
11990,1,163
11991,2,152.2
11992,1,168.3
11993,1,174.4
11994,2,157.1
11995,1,165.1
11996,2,153
11997,2,157.1
11998,2,162.5
11999,2,152.6
12000,1,171.7
12001,1,170.2
12002,2,151.2
12003,2,160.2
12004,2,157.2
12005,1,170.3
12006,2,156.1
12007,1,171.6
12008,1,168.3
12009,2,149.8
12010,2,167.4
12011,2,160.4
12012,1,174.7
12013,2,151.4
12014,1,173.6
12015,2,155.4
12016,2,157.8
12017,2,149.3
12018,2,160.4
12019,1,165.6
12020,2,154.7
12021,1,166.2
12022,2,153.8
12023,1,171.1
12024,1,153
12025,1,165.4
12026,2,155
12027,1,174.3
12028,1,175
12029,2,158.5
12030,1,172.1
12031,2,160.3
12032,1,168.5
12033,2,152.4
12034,2,157.1
12035,1,153.6
12036,2,160.1
12037,2,159.9
12038,1,163.5
12039,2,158.2
12040,1,171.4
12041,2,155.1
12042,2,155.6
12043,1,162.2
12044,2,165.1
12045,1,170.5
12046,2,162.3
12047,1,158.6
12048,2,157.5
12049,2,163.5
12050,1,170.8
12051,2,161.9
12052,1,166.4
12053,2,159.1
12054,1,164.7
12055,2,153.7
12056,1,174
12057,2,158.2
12058,2,153.8
12059,1,166.3
12060,2,160.9
12061,1,170.9
12062,2,162.9
12063,1,168.5
12064,2,166.3
12065,1,162.7
12066,2,155.2
12067,1,171.1
12068,2,166.1
12069,1,170.6
12070,2,150
12071,1,168.3
12072,2,159.7
12073,1,176.5
12074,2,155.2
12075,1,167.6
12076,2,157.9
12077,1,170.8
12078,1,178
12079,2,155.2
12080,1,163.1
12081,2,159.3
12082,1,169.1
12083,2,148.8
12084,1,165.3
12085,2,159.4
12086,1,165
12087,2,152.8
12088,1,156.4
12089,2,163.1
12090,1,158.7
12091,2,155
12092,1,171.8
12093,2,162.9
12094,2,157.3
12095,1,173.6
12096,2,154.4
12097,2,169
12098,1,168.3
12099,2,152.7
12100,1,165.3
12101,1,168
12102,2,154.2
12103,1,169.7
12104,2,155.6
12105,2,156.1
12106,1,162.4
12107,2,165.9
12108,1,162.4
12109,2,154.3
12110,1,165.3
12111,1,163.7
12112,2,145
12113,2,152.5
12114,1,180.5
12115,1,175.1
12116,2,156.1
12117,2,155.9
12118,1,174.8
12119,2,150.6
12120,1,173.6
12121,2,150.3
12122,1,167.4
12123,1,159.9
12124,2,144.3
12125,1,155.7
12126,2,152.8
12127,1,166.4
12128,1,165.1
12129,2,154.7
12130,2,153.1
12131,2,153.2
12132,1,149.9
12133,2,149.1
12134,1,168.6
12135,1,158.2
12136,1,170.6
12137,2,162.2
12138,2,145.1
12139,1,158.2
12140,2,166.2
12141,1,168.5
12142,2,158.8
12143,1,166.5
12144,2,150
12145,1,166.5
12146,2,159.9
12147,1,171.1
12148,1,176.6
12149,1,172.7
12150,2,149.4
12151,1,168.4
12152,1,166.5
12153,2,162.7
12154,1,173.5
12155,1,171.8
12156,1,165.4
12157,2,155.7
12158,1,171.6
12159,2,159.3
12160,1,160.3
12161,2,157.7
12162,1,172.9
12163,1,171.4
12164,2,155.6
12165,1,166
12166,2,161.4
12167,1,182.5
12168,1,177.7
12169,1,165.9
12170,2,146.2
12171,2,145.8
12172,1,175
12173,2,160.5
12174,1,172.2
12175,2,163.1
12176,1,164.6
12177,2,143.8
12178,1,172.9
12179,2,152.9
12180,1,171.6
12181,2,154.7
12182,1,170.1
12183,2,150.5
12184,1,174.8
12185,2,147.6
12186,2,145.8
12187,1,164.4
12188,2,171.1
12189,2,155.5
12190,2,154.6
12191,1,160.2
12192,2,154.8
12193,1,163.9
12194,2,152.8
12195,1,165.2
12196,2,161.8
12197,1,171.7
12198,2,157.2
12199,2,150.2
12200,1,167.5
12201,2,160.2
12202,2,150.1
12203,1,168.4
12204,2,153.7
12205,1,159.5
12206,2,154.9
12207,1,179.7
12208,2,165.6
12209,1,164.1
12210,2,154.1
12211,1,168.9
12212,1,167.9
12213,2,161
12214,1,164.9
12215,1,165
12216,2,162.9
12217,1,174.9
12218,2,147.7
12219,1,160.7
12220,2,147.5
12221,2,154
12222,1,167.9
12223,1,178.8
12224,2,155
12225,1,172.3
12226,1,174.5
12227,2,151.7
12228,1,173.1
12229,2,166.6
12230,1,152
12231,2,170.3
12232,1,165.5
12233,2,156.4
12234,1,185.8
12235,2,165.8
12236,1,161.9
12237,2,151.3
12238,2,153.7
12239,1,163.8
12240,1,172.4
12241,1,174.5
12242,2,153.4
12243,2,164.2
12244,1,162.3
12245,2,156.8
12246,2,160.4
12247,1,158.9
12248,2,156.6
12249,2,155.7
12250,1,183.3
12251,2,159.7
12252,2,166.5
12253,2,148.6
12254,2,169.5
12255,1,168
12256,2,158.1
12257,1,170.6
12258,2,156.7
12259,2,159.3
12260,1,169.7
12261,2,148.1
12262,1,167.2
12263,2,150.7
12264,2,157.5
12265,2,162
12266,1,161.4
12267,1,166.6
12268,2,156
12269,2,146.9
12270,1,166.9
12271,1,180.1
12272,1,171
12273,2,160.2
12274,1,173.4
12275,2,160.3
12276,1,170.3
12277,2,149.1
12278,1,178.9
12279,2,147.3
12280,1,175.9
12281,1,175.1
12282,2,162.1
12283,1,182.8
12284,1,170.7
12285,2,156.8
12286,1,174.3
12287,2,164.9
12288,1,169.2
12289,2,156.1
12290,1,164.8
12291,2,162.9
12292,1,161.1
12293,2,156.3
12294,2,158.7
12295,1,174.3
12296,1,167.9
12297,2,144.9
12298,1,172.9
12299,2,153.2
12300,1,169.5
12301,2,155.5
12302,1,175.2
12303,2,163.4
12304,1,178.9
12305,2,165.7
12306,1,168.8
12307,2,150.6
12308,2,155.7
12309,2,159.2
12310,1,171.9
12311,2,166.6
12312,1,175.7
12313,2,161.7
12314,1,162.8
12315,2,157.3
12316,2,155.6
12317,2,163.1
12318,2,165.6
12319,2,153.9
12320,1,170.9
12321,2,155.2
12322,2,156.5
12323,1,166.7
12324,2,143.9
12325,1,169.4
12326,2,164.5
12327,1,167.9
12328,2,160.5
12329,1,165.8
12330,2,163.3
12331,1,168.1
12332,2,156.8
12333,1,170.1
12334,2,151.3
12335,1,164.8
12336,1,183.2
12337,1,171.9
12338,2,152.2
12339,1,166.8
12340,2,152.7
12341,1,171.2
12342,2,146.4
12343,1,162.3
12344,2,158.5
12345,1,168.4
12346,2,150.9
12347,1,165.9
12348,2,163.1
12349,2,156.9
12350,2,141
12351,1,177.3
12352,2,148.9
12353,2,153.9
12354,2,162.2
12355,1,161
12356,2,150.1
12357,1,164.1
12358,2,161.5
12359,1,178.6
12360,2,158.3
12361,2,159.1
12362,1,169.5
12363,2,158.8
12364,2,157.7
12365,2,163.5
12366,2,155.7
12367,1,168.3
12368,2,156.5
12369,1,172
12370,2,156.4
12371,1,161.3
12372,2,163.7
12373,1,177.1
12374,2,163.1
12375,1,174.9
12376,2,153.2
12377,1,165.4
12378,2,160.3
12379,2,149.4
12380,1,168.8
12381,2,151
12382,2,159.8
12383,1,165.6
12384,2,157.8
12385,1,172.3
12386,2,151.1
12387,1,166.4
12388,1,166.3
12389,2,162.1
12390,1,165
12391,2,151.5
12392,2,163.4
12393,2,160.3
12394,2,155.5
12395,2,157.4
12396,1,170
12397,2,160.9
12398,2,156
12399,1,168.8
12400,2,161.5
12401,1,162.7
12402,1,183.3
12403,1,167.1
12404,2,154.2
12405,2,148.1
12406,1,167.5
12407,2,154
12408,2,164.2
12409,1,161
12410,2,159.6
12411,1,152.4
12412,2,154.3
12413,1,163.9
12414,2,156
12415,1,173.9
12416,1,175.1
12417,1,173.5
12418,1,162.1
12419,2,157.5
12420,1,159.9
12421,2,159.9
12422,1,176.3
12423,2,164
12424,1,180.5
12425,2,158.5
12426,2,155.5
12427,1,154.9
12428,2,152.9
12429,1,168.7
12430,2,167.8
12431,1,174.8
12432,2,158.4
12433,1,165.2
12434,2,149.9
12435,1,172.2
12436,2,153.5
12437,1,160.1
12438,2,150.4
12439,1,168.8
12440,2,150.1
12441,1,168.1
12442,1,165.2
12443,2,156.9
12444,1,165.8
12445,2,159
12446,2,149.3
12447,1,171.8
12448,1,176.8
12449,2,157.5
12450,1,177
12451,2,150.8
12452,1,167.5
12453,1,174.8
12454,2,150.4
12455,1,178.2
12456,2,159.3
12457,1,173.6
12458,2,149.3
12459,1,164.4
12460,2,159.9
12461,1,162.3
12462,2,153.6
12463,1,175.8
12464,1,160.7
12465,2,154.1
12466,2,155.3
12467,1,164.4
12468,2,155
12469,1,169.3
12470,1,160.6
12471,2,154.6
12472,1,181.3
12473,2,150.9
12474,2,157.8
12475,1,173.5
12476,2,152.5
12477,2,150.3
12478,1,172.4
12479,2,152.5
12480,1,163.2
12481,2,157.5
12482,2,151
12483,2,158.3
12484,1,169.9
12485,2,149.3
12486,1,167
12487,1,170.8
12488,1,168.5
12489,2,156.4
12490,1,169.4
12491,2,154.8
12492,2,154.6
12493,2,163.2
12494,1,176.8
12495,1,177.6
12496,2,156.6
12497,1,184.7
12498,1,173.3
12499,1,159.6
12500,2,158.3
12501,2,155
12502,2,160.7
12503,2,153
12504,2,159.6
12505,1,161.3
12506,2,144.9
12507,2,157.1
12508,1,160.2
12509,2,133
12510,1,174.9
12511,2,162.9
12512,2,151.4
12513,1,172.6
12514,2,154.2
12515,1,176.1
12516,1,167.2
12517,2,150.6
12518,1,172.4
12519,1,172.4
12520,2,151.4
12521,2,159.6
12522,1,168.4
12523,2,150
12524,2,156.1
12525,1,172.8
12526,2,151.5
12527,1,173.3
12528,2,155.5
12529,2,154.5
12530,1,154.4
12531,2,153.4
12532,1,159.7
12533,2,151.5
12534,2,156.7
12535,1,176
12536,2,160
12537,1,174.9
12538,2,152.9
12539,1,177
12540,2,162.2
12541,1,163.3
12542,2,153.9
12543,1,164.3
12544,1,163.5
12545,2,157.1
12546,1,168.7
12547,1,166.5
12548,2,154.3
12549,1,159.5
12550,2,157.4
12551,2,156.9
12552,2,159.9
12553,2,153.5
12554,1,173.3
12555,2,152.8
12556,2,166.8
12557,2,147.4
12558,1,163.5
12559,2,150.9
12560,1,172
12561,2,147.6
12562,1,169.9
12563,2,156.8
12564,2,162.8
12565,2,147.2
12566,1,171.2
12567,2,144.6
12568,1,178.3
12569,1,172.5
12570,1,166.5
12571,2,153.2
12572,2,152.4
12573,1,164.8
12574,2,155.3
12575,1,159.5
12576,2,155.7
12577,2,155.7
12578,2,160
12579,2,149.5
12580,1,176
12581,1,163.8
12582,2,159.4
12583,1,177.7
12584,2,150.6
12585,1,167.6
12586,2,162.3
12587,1,171.6
12588,2,153.5
12589,1,172.5
12590,1,166.9
12591,2,145.5
12592,1,167.7
12593,2,156.8
12594,2,156.5
12595,1,169.5
12596,2,159.9
12597,1,168.1
12598,2,164.2
12599,1,175.6
12600,2,154.1
12601,2,163.8
12602,1,167.5
12603,2,152.8
12604,2,154.3
12605,1,177.4
12606,2,162.3
12607,1,172.6
12608,2,155
12609,2,159.8
12610,2,156
12611,1,188.2
12612,2,166.4
12613,2,153.6
12614,1,164.3
12615,2,164.2
12616,2,155.5
12617,1,170.3
12618,2,161.5
12619,2,161.7
12620,1,172.2
12621,2,149.9
12622,2,156.7
12623,1,170.9
12624,1,173.4
12625,2,153.4
12626,2,148.9
12627,1,178.9
12628,2,153.8
12629,2,149.8
12630,2,147.9
12631,1,170.3
12632,2,158.4
12633,1,193.3
12634,1,174.1
12635,2,158.4
12636,1,184.9
12637,1,164.4
12638,1,174.7
12639,2,164.9
12640,1,174.8
12641,2,154.9
12642,1,170.9
12643,2,157.4
12644,1,162.3
12645,2,145.4
12646,1,171.7
12647,2,162
12648,2,151.1
12649,1,176.9
12650,2,160
12651,2,159.8
12652,2,158.5
12653,1,168.2
12654,1,165
12655,1,167.7
12656,2,153.2
12657,1,169.4
12658,2,151.4
12659,2,155.1
12660,1,168.8
12661,2,153.5
12662,1,166.3
12663,2,161.7
12664,2,149.2
12665,1,175.9
12666,2,167
12667,1,167.3
12668,2,155.8
12669,1,179.8
12670,1,175
12671,1,168
12672,2,152.9
12673,2,145.8
12674,2,156.2
12675,2,159.4
12676,1,158
12677,2,155.8
12678,1,161.2
12679,2,142.7
12680,1,163.6
12681,2,159.2
12682,1,164.9
12683,2,153.3
12684,2,148.3
12685,1,166.9
12686,2,159.5
12687,1,169.5
12688,2,157
12689,1,163.8
12690,1,167
12691,2,154.2
12692,1,175.4
12693,2,157.8
12694,1,176.4
12695,2,146.7
12696,1,162.5
12697,2,163
12698,1,168.3
12699,2,158.8
12700,1,170.1
12701,2,160
12702,1,181.4
12703,2,151.3
12704,1,179.2
12705,2,156.6
12706,2,155.1
12707,1,172.8
12708,2,153.9
12709,2,150
12710,2,150.1
12711,2,149.1
12712,1,175.8
12713,2,152.9
12714,1,157.2
12715,2,152.8
12716,1,169.8
12717,2,150.6
12718,1,158.4
12719,2,155.8
12720,1,175.8
12721,2,162.2
12722,1,176.4
12723,1,173.2
12724,1,160.7
12725,2,161.8
12726,1,163.4
12727,2,150.3
12728,1,172.3
12729,1,173.3
12730,2,164.1
12731,2,161.2
12732,1,167.2
12733,2,155.9
12734,1,169.2
12735,2,157.2
12736,2,155.6
12737,1,173.6
12738,2,162
12739,2,159.4
12740,2,158.8
12741,2,154.3
12742,1,175.6
12743,2,161.5
12744,1,172.2
12745,2,156.9
12746,1,167.8
12747,2,165.9
12748,1,173.3
12749,2,152.4
12750,1,177.5
12751,2,154.1
12752,1,172
12753,2,157.8
12754,1,182.5
12755,2,157.8
12756,1,175.5
12757,2,162.6
12758,1,169.9
12759,2,162.9
12760,1,167.2
12761,2,159.1
12762,2,165.2
12763,2,149.4
12764,2,154.4
12765,1,172.9
12766,2,157.6
12767,1,169.2
12768,2,153.3
12769,1,166.8
12770,2,156.8
12771,1,172.2
12772,2,163.2
12773,1,169.8
12774,2,154.3
12775,2,157
12776,2,159.2
12777,2,158.6
12778,1,157.9
12779,2,161
12780,1,170.8
12781,1,174.8
12782,2,148.5
12783,2,159.2
12784,1,170.9
12785,2,153.1
12786,2,162.3
12787,2,160.9
12788,1,164.2
12789,2,155.5
12790,1,167.4
12791,2,157.4
12792,1,160.1
12793,2,154
12794,1,167.6
12795,2,156.3
12796,1,174.2
12797,2,161.4
12798,2,159.8
12799,1,171.5
12800,2,154.6
12801,2,160.6
12802,1,174.8
12803,2,167.1
12804,1,176.9
12805,2,159.5
12806,1,176.1
12807,2,157.4
12808,1,174.5
12809,2,157.7
12810,1,176.8
12811,2,159.4
12812,1,172.1
12813,2,154.8
12814,1,169.4
12815,2,160.5
12816,2,161.7
12817,2,160.9
12818,1,177
12819,2,153
12820,1,169.6
12821,2,168.2
12822,1,172
12823,2,155.3
12824,1,166.5
12825,1,167.8
12826,2,163
12827,1,148.2
12828,2,150.8
12829,1,175.1
12830,2,151.8
12831,2,158.1
12832,1,160.6
12833,2,157.9
12834,1,157.8
12835,2,150.8
12836,1,165.5
12837,2,151.2
12838,2,156.3
12839,1,166.7
12840,2,151.6
12841,2,164
12842,2,161.6
12843,2,150.7
12844,1,168.2
12845,2,155.1
12846,1,170.9
12847,2,155
12848,1,166.5
12849,2,161.3
12850,1,169.1
12851,2,157.5
12852,2,160.8
12853,2,157.9
12854,1,177.8
12855,2,158.8
12856,2,145.8
12857,1,173.2
12858,1,176.4
12859,2,164.4
12860,1,170
12861,1,168.7
12862,2,157.9
12863,1,170.5
12864,2,163.5
12865,1,171.7
12866,2,162.8
12867,1,159.8
12868,2,141.5
12869,2,162.3
12870,2,152.4
12871,2,156.9
12872,1,165.2
12873,1,160.3
12874,2,158.2
12875,2,161.1
12876,1,171.8
12877,2,158.7
12878,1,163.3
12879,2,152.4
12880,1,170.2
12881,2,153.2
12882,2,153.1
12883,2,156.1
12884,2,153.2
12885,1,174.4
12886,1,182.8
12887,1,169.1
12888,2,153.1
12889,1,165.6
12890,1,175.3
12891,1,166.8
12892,1,156.8
12893,1,168.7
12894,2,155.9
12895,1,177.7
12896,2,156.4
12897,1,173.5
12898,2,170.8
12899,2,152.5
12900,1,177.5
12901,2,149.1
12902,1,169.2
12903,2,151.1
12904,2,159.2
12905,1,168.5
12906,2,158.4
12907,1,173.2
12908,1,179.9
12909,1,177.6
12910,2,159.6
12911,1,164.7
12912,2,157.7
12913,1,176
12914,2,158.4
12915,1,167.4
12916,2,158.4
12917,1,163.1
12918,2,159.4
12919,2,163.3
12920,2,157.5
12921,1,162.1
12922,2,154.1
12923,1,169.1
12924,2,161.1
12925,1,176
12926,2,146.1
12927,1,175.5
12928,1,163.5
12929,1,164.4
12930,2,149.2
12931,2,163.6
12932,2,168.5
12933,1,165.7
12934,2,153.6
12935,1,174.1
12936,2,157.8
12937,1,175.2
12938,2,159.3
12939,1,169.8
12940,2,162.8
12941,1,166.4
12942,2,150.4
12943,1,172.8
12944,2,149.8
12945,1,165.3
12946,1,179.8
12947,2,156.3
12948,1,157.1
12949,2,150.1
12950,2,153.9
12951,1,169.1
12952,1,170.4
12953,2,157
12954,2,148.4
12955,1,174.9
12956,2,158.4
12957,1,167.2
12958,2,157.5
12959,1,166.5
12960,1,168.1
12961,2,155.3
12962,2,155.9
12963,1,170.2
12964,1,154.3
12965,2,146.5
12966,1,168.4
12967,2,166.2
12968,1,176.1
12969,2,153.2
12970,2,149.6
12971,1,178.5
12972,1,165.2
12973,2,155.5
12974,1,163.1
12975,2,149.5
12976,1,172.4
12977,2,152
12978,2,145.1
12979,1,172.7
12980,2,159.8
12981,1,177.7
12982,1,181.2
12983,2,152
12984,2,159.7
12985,2,152.5
12986,1,172
12987,2,157.3
12988,2,158.8
12989,1,173.4
12990,2,166.8
12991,1,165.4
12992,2,157
12993,1,173.3
12994,2,159.1
12995,1,165.5
12996,2,163.1
12997,2,160.1
12998,2,161.1
12999,1,177.1
13000,2,170.1
13001,2,156.5
13002,1,175.9
13003,2,156.5
13004,1,174.5
13005,2,172.7
13006,1,165.3
13007,2,156.4
13008,1,163.1
13009,2,154.4
13010,2,149.9
13011,1,166.1
13012,2,157.1
13013,1,166.8
13014,2,155.3
13015,1,169.9
13016,2,157.5
13017,1,169.9
13018,2,156.9
13019,1,168.9
13020,2,155.4
13021,2,157.4
13022,2,152.9
13023,1,163.1
13024,2,146.6
13025,1,175.5
13026,2,159.9
13027,1,154.9
13028,2,148
13029,1,173
13030,2,167.8
13031,2,160.7
13032,1,171.5
13033,2,162.4
13034,2,146.9
13035,2,153.8
13036,2,162.1
13037,1,163
13038,1,167.8
13039,2,152.6
13040,1,155.6
13041,2,146
13042,1,154.2
13043,2,159.5
13044,2,148.8
13045,1,180.3
13046,2,155.8
13047,2,151.1
13048,1,170.1
13049,1,166.4
13050,2,151.7
13051,2,153.7
13052,1,172.3
13053,1,169
13054,2,162.4
13055,2,151.2
13056,1,164.4
13057,2,144.4
13058,1,176.7
13059,2,153.8
13060,2,154.6
13061,2,167.6
13062,1,175.5
13063,2,157.9
13064,1,161.4
13065,2,163.8
13066,2,155
13067,2,149.2
13068,1,166.2
13069,2,150.4
13070,2,149.8
13071,1,172.7
13072,1,161.6
13073,2,163.3
13074,1,166.7
13075,2,154
13076,1,171.8
13077,2,157.7
13078,1,172
13079,2,158.8
13080,1,176.2
13081,2,160.4
13082,2,163.2
13083,2,153.1
13084,2,153.8
13085,1,169.2
13086,2,150.9
13087,2,154.1
13088,1,170.9
13089,2,145.3
13090,1,164.8
13091,2,160.5
13092,1,168.9
13093,2,160.5
13094,2,146.3
13095,2,158.9
13096,2,149.8
13097,1,168.2
13098,2,158
13099,2,146.8
13100,1,162
13101,2,159
13102,1,166.3
13103,2,149.4
13104,1,175.4
13105,2,159.3
13106,1,166.2
13107,2,147
13108,1,161.6
13109,2,150.8
13110,1,170.5
13111,2,155.7
13112,2,153.8
13113,2,149.8
13114,2,152.8
13115,2,148.6
13116,2,163.4
13117,1,165.9
13118,2,150.2
13119,2,150.5
13120,1,168.6
13121,1,165.7
13122,2,144.2
13123,2,157.6
13124,1,157.8
13125,2,151.8
13126,1,162.4
13127,2,163.3
13128,1,166.1
13129,2,156.3
13130,1,171.2
13131,2,155.1
13132,2,169.9
13133,2,148.9
13134,2,146.7
13135,1,171.7
13136,2,152.2
13137,2,152.2
13138,1,172.6
13139,1,173.2
13140,2,152.9
13141,1,168.7
13142,2,156.2
13143,1,164.5
13144,2,144.4
13145,1,174.5
13146,2,154.5
13147,1,161.5
13148,2,157.5
13149,2,157.2
13150,2,168.5
13151,1,171.5
13152,2,160
13153,1,178.1
13154,1,144.4
13155,2,159.9
13156,1,171.5
13157,1,162.2
13158,1,171
13159,2,155.2
13160,1,173.4
13161,2,164
13162,1,162
13163,2,130.5
13164,1,171.2
13165,2,152.5
13166,1,177.2
13167,2,155.9
13168,2,154.5
13169,1,159.1
13170,2,155.6
13171,2,143.6
13172,1,173.1
13173,2,157.5
13174,1,164
13175,2,150.2
13176,1,160.5
13177,2,153
13178,1,162.3
13179,2,157
13180,2,146.3
13181,1,175.4
13182,2,161.3
13183,1,163
13184,2,158.7
13185,1,169.5
13186,1,170.1
13187,2,147.6
13188,1,168.3
13189,1,174.5
13190,2,152
13191,2,156.1
13192,1,171.5
13193,1,174.1
13194,2,157.4
13195,2,164.7
13196,1,161
13197,2,162.9
13198,1,169.1
13199,1,174.1
13200,2,155.4
13201,1,183.6
13202,1,175.4
13203,2,152.3
13204,1,169.6
13205,2,151.1
13206,1,161.8
13207,2,150.9
13208,1,167
13209,2,163.4
13210,1,172.3
13211,2,154.2
13212,1,160.1
13213,2,154.1
13214,2,150.3
13215,1,164.3
13216,2,156.9
13217,1,176.1
13218,2,162.2
13219,1,173.6
13220,2,153
13221,1,169.3
13222,2,154
13223,2,156
13224,1,179.8
13225,2,165.9
13226,1,177.3
13227,2,154.2
13228,1,175.4
13229,2,157.9
13230,1,178.2
13231,1,168.9
13232,2,154.7
13233,1,171.1
13234,2,155.5
13235,2,151.8
13236,1,167.9
13237,1,166.9
13238,2,155.4
13239,1,180.8
13240,1,180.2
13241,1,178.2
13242,2,156.7
13243,1,167.3
13244,2,153.7
13245,1,161.6
13246,2,156
13247,2,159.5
13248,1,172
13249,2,149.2
13250,2,160
13251,1,178.4
13252,1,165
13253,2,155.2
13254,1,168.4
13255,2,161.9
13256,1,169.9
13257,2,154.3
13258,1,180
13259,2,147.4
13260,1,168
13261,2,160.2
13262,1,173.7
13263,2,156.1
13264,2,159.2
13265,2,152.4
13266,1,164.4
13267,2,159.5
13268,2,157.4
13269,1,163.1
13270,2,164.7
13271,1,170.4
13272,2,166.7
13273,1,175.9
13274,2,164.7
13275,1,181.2
13276,2,161.3
13277,1,166.8
13278,2,161.8
13279,1,169.8
13280,2,167.3
13281,1,171.9
13282,2,161.5
13283,1,174.2
13284,1,164.7
13285,2,159
13286,1,171.5
13287,2,155.9
13288,2,152.8
13289,1,171.2
13290,2,160.9
13291,2,150.4
13292,1,171.2
13293,2,158.1
13294,1,171.8
13295,2,159.9
13296,1,176.3
13297,2,159.7
13298,1,174.4
13299,2,159.8
13300,1,168.6
13301,2,170.7
13302,1,172.1
13303,2,161.6
13304,1,163.3
13305,1,174.1
13306,2,159
13307,1,161.9
13308,2,153.6
13309,2,155
13310,2,150.7
13311,2,165.6
13312,2,155.2
13313,1,165.6
13314,2,165
13315,1,173.5
13316,2,160
13317,1,178.1
13318,2,154.5
13319,2,159.5
13320,1,167.5
13321,2,164.5
13322,1,160.1
13323,2,152.9
13324,1,170
13325,2,159.8
13326,1,174.2
13327,2,164.3
13328,1,175
13329,2,160.5
13330,1,165
13331,1,171.2
13332,2,155.5
13333,2,154.9
13334,1,167.2
13335,2,157.2
13336,1,176.8
13337,2,152.2
13338,1,170.9
13339,2,167
13340,1,163.4
13341,2,153.2
13342,2,162.7
13343,1,171.8
13344,2,158.5
13345,2,167.6
13346,1,182.9
13347,1,174.4
13348,2,161
13349,1,160.7
13350,2,157.9
13351,2,160
13352,1,175.3
13353,2,169.7
13354,1,173.9
13355,2,155.5
13356,1,155.7
13357,2,152.4
13358,1,171
13359,1,178.9
13360,1,169.5
13361,2,152.7
13362,1,174.2
13363,2,152.9
13364,1,175
13365,2,165.5
13366,2,169.3
13367,1,170.7
13368,2,164.6
13369,1,164.2
13370,2,158
13371,1,167.6
13372,2,159.4
13373,2,162.8
13374,1,164.8
13375,2,157.9
13376,1,172.6
13377,2,161
13378,2,163.9
13379,1,183.1
13380,2,158.5
13381,1,164.4
13382,2,162.7
13383,1,169.1
13384,2,154.9
13385,1,173.2
13386,1,164
13387,2,162
13388,1,177.7
13389,1,172.6
13390,2,166.3
13391,1,173.6
13392,2,160.4
13393,1,168.8
13394,1,168.4
13395,1,170.8
13396,2,155.7
13397,2,166.2
13398,1,174
13399,2,163.5
13400,2,158.3
13401,1,179.4
13402,2,164.3
13403,1,176.6
13404,1,172.6
13405,2,156.8
13406,2,170.6
13407,2,154.1
13408,2,167.3
13409,2,157.1
13410,2,162.6
13411,2,157.8
13412,1,169
13413,2,159
13414,2,158.5
13415,2,158.9
13416,1,170.9
13417,2,153
13418,1,180
13419,2,159.2
13420,1,178.2
13421,2,161.5
13422,1,176.3
13423,2,163.3
13424,1,167.7
13425,2,161.5
13426,2,156.7
13427,1,163.5
13428,1,174.8
13429,2,159.6
13430,2,166.5
13431,1,176.6
13432,2,159.2
13433,1,163.4
13434,2,155.4
13435,1,170
13436,1,168.4
13437,2,158.1
13438,2,163.2
13439,1,174.6
13440,2,160.2
13441,1,176.6
13442,1,176
13443,2,156.8
13444,2,165.6
13445,1,170.2
13446,2,167.2
13447,1,169.6
13448,2,157.6
13449,1,177.7
13450,2,165.9
13451,1,171.9
13452,2,156.2
13453,1,175.4
13454,2,155
13455,2,152.8
13456,1,175.9
13457,2,157
13458,2,154.1
13459,1,181.1
13460,2,153.4
13461,2,157.4
13462,2,155.5
13463,1,169.5
13464,1,172.5
13465,2,159.3
13466,1,177.5
13467,2,154.3
13468,1,169.3
13469,2,160.3
13470,2,161.3
13471,2,159.9
13472,1,172.3
13473,2,146.7
13474,1,170.9
13475,2,151.1
13476,2,173
13477,1,178.6
13478,2,162.4
13479,2,153.8
13480,2,154.4
13481,1,173.2
13482,2,168.2
13483,2,165
13484,1,165.1
13485,2,153.9
13486,1,178.6
13487,2,153.4
13488,2,157.9
13489,2,154.8
13490,2,158.1
13491,1,173.9
13492,2,153.4
13493,1,165.6
13494,2,160
13495,1,180.2
13496,2,162
13497,2,155.8
13498,1,168.6
13499,2,158.9
13500,1,172.4
13501,1,177.8
13502,2,154.5
13503,1,172.5
13504,2,158.2
13505,2,162.4
13506,1,169.1
13507,2,157.8
13508,2,156.5
13509,1,165.7
13510,2,157.5
13511,1,173.4
13512,2,151.4
13513,1,163.1
13514,2,162.3
13515,1,174.1
13516,2,170.4
13517,1,177.7
13518,2,159.9
13519,1,176.6
13520,2,166.2
13521,1,173.7
13522,2,151.4
13523,1,177.1
13524,2,149.7
13525,2,156.8
13526,2,162
13527,1,167.3
13528,2,159
13529,2,163.9
13530,2,161.7
13531,2,164
13532,1,170
13533,2,153.6
13534,1,167
13535,2,160
13536,1,167
13537,2,159
13538,1,168.8
13539,1,164.2
13540,2,157.7
13541,2,159.8
13542,1,170.9
13543,2,161.9
13544,1,173.4
13545,2,163.7
13546,2,165.8
13547,2,162.8
13548,1,178.3
13549,2,162.4
13550,1,167
13551,2,152.5
13552,1,163.1
13553,2,157.1
13554,1,179
13555,2,160.8
13556,2,155.6
13557,2,152.1
13558,1,185.5
13559,2,160.3
13560,1,173.3
13561,1,170.1
13562,1,172.6
13563,2,164
13564,1,163.3
13565,1,166.1
13566,2,158.6
13567,1,157.7
13568,1,165.5
13569,1,173.3
13570,2,105.1
13571,1,162.2
13572,2,159.7
13573,1,163.2
13574,2,155.1
13575,2,153
13576,2,162
13577,2,168.1
13578,2,155.8
13579,1,167.3
13580,1,172.8
13581,2,159.6
13582,2,158
13583,1,172
13584,2,158.1
13585,2,151.3
13586,1,170.7
13587,2,156.7
13588,1,181.7
13589,1,169.2
13590,1,168.6
13591,2,158.2
13592,1,176.9
13593,1,169
13594,1,176.2
13595,1,167.3
13596,2,157.3
13597,2,163.5
13598,1,166.6
13599,2,158.3
13600,1,174.6
13601,1,164.2
13602,2,156.1
13603,1,173.4
13604,1,167.7
13605,2,148.7
13606,1,174.6
13607,1,165.4
13608,2,157.6
13609,2,164.7
13610,1,172.2
13611,2,155.6
13612,1,176.6
13613,1,176
13614,2,155.3
13615,2,163.2
13616,2,146.2
13617,1,160.6
13618,2,159.6
13619,2,157.5
13620,1,170.7
13621,2,146.4
13622,1,165.5
13623,1,165.8
13624,2,149.6
13625,1,171.1
13626,2,149.3
13627,1,160.6
13628,2,149.7
13629,2,151.8
13630,1,169.4
13631,2,157.3
13632,2,152.4
13633,2,160.7
13634,1,168.4
13635,2,143
13636,2,147
13637,1,165.8
13638,2,160
13639,1,175.7
13640,1,176.4
13641,2,150.2
13642,1,168.5
13643,1,180.2
13644,2,149.3
13645,2,166.4
13646,2,158.4
13647,1,174
13648,1,167.4
13649,1,161.2
13650,2,155.3
13651,1,171.5
13652,2,153.7
13653,1,174.9
13654,1,158.7
13655,2,155.6
13656,2,160.6
13657,1,174.9
13658,2,170.7
13659,1,158.7
13660,2,163.9
13661,2,161
13662,2,155.1
13663,1,164.9
13664,2,156
13665,2,160.4
13666,2,155.4
13667,1,179.6
13668,2,162
13669,2,160.4
13670,1,167.1
13671,1,177.1
13672,2,156.2
13673,1,180.2
13674,2,156.3
13675,2,168
13676,1,164.4
13677,2,157.9
13678,1,172.5
13679,2,163.4
13680,2,155.6
13681,1,167.6
13682,1,178
13683,2,159.8
13684,1,164.3
13685,2,151.4
13686,1,168.9
13687,1,164.4
13688,2,157.7
13689,2,156.9
13690,1,168.5
13691,2,161.3
13692,2,154.3
13693,2,162.8
13694,1,175.4
13695,2,156.8
13696,1,173.9
13697,2,154.3
13698,2,157.1
13699,2,164.9
13700,2,164.1
13701,1,179.2
13702,2,153
13703,2,155.9
13704,1,178.3
13705,2,157.5
13706,1,151.9
13707,2,163.2
13708,1,172.5
13709,2,158
13710,1,166.4
13711,2,155.2
13712,2,158.1
13713,2,157.6
13714,1,165.2
13715,1,160.9
13716,1,168.9
13717,2,156.4
13718,1,169.4
13719,1,166.7
13720,2,145.7
13721,1,161.8
13722,2,156.8
13723,1,163.4
13724,1,162.6
13725,2,161.1
13726,1,163.5
13727,2,161.2
13728,2,168.6
13729,1,183.4
13730,2,164.4
13731,1,168.5
13732,2,158.7
13733,2,156.4
13734,2,158.7
13735,2,154.2
13736,1,166.4
13737,2,158.4
13738,1,176
13739,2,161.5
13740,2,160.2
13741,1,174.5
13742,2,160.9
13743,1,172.4
13744,1,173.6
13745,1,163.2
13746,1,168
13747,2,155.4
13748,1,171.1
13749,2,155.8
13750,2,163.1
13751,2,153.3
13752,1,164.5
13753,2,150.2
13754,2,158.1
13755,1,171.8
13756,2,157.9
13757,2,158.2
13758,1,173.1
13759,2,148.8
13760,1,162.9
13761,2,153
13762,1,170.4
13763,2,157.5
13764,1,169.4
13765,2,158.8
13766,1,171.3
13767,2,167.2
13768,1,174.5
13769,2,166.4
13770,1,167.2
13771,2,155.8
13772,2,161.6
13773,2,147.9
13774,2,158.2
13775,2,161.6
13776,2,158.2
13777,1,165.9
13778,2,151.3
13779,2,156.2
13780,2,151.1
13781,1,165.8
13782,2,156.3
13783,2,148.1
13784,2,155
13785,1,165.2
13786,2,150.7
13787,1,168.7
13788,1,165.1
13789,2,151
13790,1,167.5
13791,2,155.1
13792,1,173.1
13793,2,161.2
13794,1,170.3
13795,2,166.8
13796,1,177.3
13797,2,165.2
13798,1,163
13799,2,158.8
13800,2,158.4
13801,1,168.3
13802,2,156.7
13803,1,168.4
13804,2,147.6
13805,1,168
13806,2,159.5
13807,2,164.3
13808,1,177.2
13809,1,163.4
13810,2,169.3
13811,1,159.8
13812,2,154.7
13813,1,174.5
13814,2,158.4
13815,1,167
13816,2,146.9
13817,1,185.3
13818,1,173.2
13819,2,152
13820,2,153.8
13821,2,157.2
13822,2,158
13823,2,147.5
13824,1,166.5
13825,2,141
13826,2,151
13827,2,159
13828,1,166.8
13829,2,155.2
13830,1,180.2
13831,1,168.5
13832,2,152.3
13833,2,150.7
13834,1,170.5
13835,2,158.2
13836,2,156
13837,1,167.8
13838,2,161
13839,2,155.3
13840,1,166.6
13841,2,149.6
13842,2,149.5
13843,2,164
13844,2,163.6
13845,2,166.2
13846,2,160.1
13847,2,165.5
13848,1,179.2
13849,1,173.7
13850,2,167.7
13851,1,179.2
13852,2,159.8
13853,1,175.2
13854,2,160.7
13855,1,166
13856,1,167.2
13857,1,177.3
13858,2,160.3
13859,1,168.6
13860,2,156.8
13861,1,165.8
13862,2,147.5
13863,1,173
13864,2,163.3
13865,1,168
13866,2,158.1
13867,2,159.1
13868,1,175
13869,2,156
13870,1,167.8
13871,2,157.4
13872,1,173.3
13873,2,168
13874,1,169
13875,2,161.2
13876,1,160
13877,2,158.9
13878,2,154.6
13879,1,171.7
13880,2,161.2
13881,1,167.8
13882,2,162.4
13883,1,172.3
13884,2,162.9
13885,1,162.9
13886,1,167.2
13887,2,149.5
13888,1,166.9
13889,1,171.4
13890,2,162.5
13891,2,155.8
13892,1,176.4
13893,2,153.5
13894,2,161
13895,2,152.9
13896,1,165.2
13897,2,156
13898,1,173.5
13899,2,155.7
13900,2,145.7
13901,1,173.5
13902,2,165.6
13903,1,169.9
13904,2,161.2
13905,1,162
13906,2,151.6
13907,1,166
13908,2,152.7
13909,1,167.8
13910,2,152
13911,1,170.5
13912,1,171.3
13913,2,159.7
13914,1,169
13915,2,153.6
13916,1,176.1
13917,2,152.7
13918,1,157.4
13919,2,153.2
13920,2,154.7
13921,1,169.6
13922,2,159.9
13923,1,168.8
13924,2,153.9
13925,1,163.2
13926,2,147.9
13927,1,158.8
13928,1,166.7
13929,2,150.7
13930,2,157.4
13931,2,148.8
13932,2,151.4
13933,1,156
13934,2,156.8
13935,1,164.1
13936,2,157.1
13937,1,166.7
13938,2,161.7
13939,2,159.4
13940,2,155.4
13941,1,174.1
13942,1,162.7
13943,2,143
13944,1,165.2
13945,1,168.1
13946,2,150.2
13947,1,169.6
13948,2,152.9
13949,1,176.4
13950,1,168.3
13951,2,153.9
13952,1,174.4
13953,2,164.2
13954,2,161.1
13955,1,170.4
13956,2,149
13957,1,167.2
13958,1,170.4
13959,2,145.6
13960,1,169
13961,2,151.4
13962,2,171.4
13963,1,163.6
13964,2,157.2
13965,1,168.8
13966,2,161.5
13967,1,180.6
13968,2,164.4
13969,1,161.2
13970,2,161.5
13971,1,174.5
13972,2,149.6
13973,1,170.2
13974,2,159.5
13975,1,164.2
13976,2,158
13977,1,160.6
13978,2,156.9
13979,1,151.1
13980,2,160.7
13981,1,169
13982,2,152.7
13983,2,141.2
13984,1,172.9
13985,2,162.6
13986,2,164.1
13987,1,162.7
13988,1,164.8
13989,2,152.6
13990,1,172.2
13991,2,145.5
13992,2,161.2
13993,2,160.5
13994,1,167.8
13995,2,165.8
13996,1,160.5
13997,1,156.3
13998,2,150
13999,1,165.4
14000,2,149.5
14001,1,179.8
14002,2,158.7
14003,2,147.4
14004,1,167.2
14005,1,166.6
14006,2,164.9
14007,1,160.1
14008,2,154
14009,1,177
14010,2,150.5
14011,2,160.7
14012,2,152.1
14013,2,153.3
14014,1,171.5
14015,1,172.8
14016,2,156.6
14017,2,154
14018,1,170.5
14019,2,153.3
14020,2,161.7
14021,2,157.5
14022,1,170.1
14023,2,149.8
14024,1,176.2
14025,2,157.5
14026,1,183.3
14027,2,161.5
14028,2,164.6
14029,2,161.2
14030,1,177.4
14031,2,154.3
14032,1,180.7
14033,2,169.1
14034,1,169.8
14035,2,153
14036,2,158.7
14037,2,160
14038,1,174
14039,2,158.7
14040,1,187
14041,2,167.5
14042,1,174.7
14043,2,144.3
14044,1,181.8
14045,2,167.2
14046,1,174.9
14047,2,158.3
14048,2,164.6
14049,1,173.1
14050,1,171.1
14051,2,156.1
14052,1,164.6
14053,2,156.2
14054,2,156.7
14055,1,166.3
14056,1,180.5
14057,1,168
14058,2,156.7
14059,1,171.6
14060,2,154.6
14061,2,160.6
14062,1,165.9
14063,2,151.7
14064,1,166.8
14065,1,166.4
14066,2,154.4
14067,2,161.1
14068,2,166.2
14069,1,170.3
14070,2,157.2
14071,1,176.6
14072,2,151.1
14073,2,162.6
14074,2,157.6
14075,1,177.2
14076,2,150.8
14077,2,161.6
14078,1,170.5
14079,2,163.2
14080,2,167.7
14081,2,159.3
14082,2,158.7
14083,2,164.1
14084,1,175.7
14085,2,165.5
14086,1,164.6
14087,2,159
14088,1,170.2
14089,2,165.9
14090,2,164.1
14091,1,172
14092,2,161.1
14093,1,166.1
14094,1,175.9
14095,2,153.4
14096,2,154.9
14097,2,153.6
14098,1,165.7
14099,1,175
14100,2,162.7
14101,2,154
14102,1,173.3
14103,1,167.7
14104,2,173.8
14105,2,161.8
14106,1,169.8
14107,2,151.9
14108,2,155.1
14109,2,166.2
14110,1,178.5
14111,2,155
14112,1,168.8
14113,2,168.6
14114,1,188.7
14115,2,155.6
14116,1,170
14117,2,156.1
14118,1,173
14119,2,164.1
14120,2,149.2
14121,2,160.4
14122,1,161
14123,2,157.4
14124,1,170.2
14125,2,155.4
14126,1,173
14127,1,168.9
14128,2,163.2
14129,1,185.1
14130,2,160.6
14131,1,169.3
14132,1,170.4
14133,2,153.7
14134,2,162.7
14135,2,155.7
14136,2,166.5
14137,2,156.1
14138,2,157.4
14139,2,156.7
14140,1,161
14141,2,157.2
14142,2,158
14143,1,165.4
14144,2,163.3
14145,1,176.1
14146,2,156.9
14147,1,174.5
14148,2,149.7
14149,1,168.7
14150,2,165
14151,1,168
14152,2,153.7
14153,1,165
14154,2,164
14155,2,161.7
14156,1,176.1
14157,2,160
14158,1,169.3
14159,2,150.1
14160,2,156.7
14161,1,169.5
14162,1,173.2
14163,2,161.2
14164,1,171.6
14165,2,153.7
14166,2,150.3
14167,1,177
14168,2,155.2
14169,1,167.6
14170,2,157
14171,2,161.8
14172,1,176.7
14173,2,162.5
14174,1,166.8
14175,2,152
14176,2,163.5
14177,1,180.4
14178,2,158
14179,2,167.5
14180,1,172.7
14181,2,159
14182,2,166.2
14183,2,163.2
14184,1,165.4
14185,2,154.8
14186,1,172.9
14187,2,161.3
14188,2,153
14189,1,163.3
14190,2,156.5
14191,2,156.2
14192,1,164.9
14193,2,157.7
14194,1,176.8
14195,2,163.9
14196,2,161.8
14197,1,171.5
14198,1,164.9
14199,2,155.1
14200,1,160.1
14201,2,163.2
14202,1,172.9
14203,1,164.8
14204,2,151
14205,1,171.6
14206,2,154.8
14207,2,155.1
14208,1,153.4
14209,2,158.3
14210,1,173.8
14211,1,164.3
14212,2,155.9
14213,1,167.5
14214,2,155.4
14215,1,165.7
14216,2,158.1
14217,1,164.8
14218,2,157.3
14219,1,163
14220,2,150.4
14221,1,168.5
14222,1,174.4
14223,2,158
14224,1,174.2
14225,2,160.7
14226,2,152
14227,2,150.8
14228,2,163.1
14229,2,159.5
14230,2,153.4
14231,2,162.8
14232,2,159.1
14233,2,149.7
14234,2,154.6
14235,1,166.7
14236,2,151.2
14237,1,181.5
14238,2,154.9
14239,1,165.5
14240,2,152.3
14241,2,156.2
14242,2,159.9
14243,2,156.1
14244,2,158.8
14245,1,172.6
14246,1,176
14247,1,170
14248,2,159.4
14249,2,159.1
14250,1,160.3
14251,2,157.9
14252,1,170
14253,1,171.5
14254,2,159.9
14255,1,166.7
14256,2,161.3
14257,1,165.9
14258,2,159.6
14259,2,159.6
14260,2,162
14261,1,157.3
14262,2,166.2
14263,1,159.4
14264,1,170.8
14265,2,157.6
14266,1,178
14267,2,160.5
14268,2,163.2
14269,1,170.2
14270,2,160.5
14271,2,163.3
14272,1,173.3
14273,2,151.1
14274,1,164.4
14275,1,163
14276,2,156.2
14277,2,161.3
14278,1,177.6
14279,2,154.1
14280,1,174.6
14281,2,161.3
14282,1,173.7
14283,2,158.8
14284,1,167.4
14285,2,169.7
14286,2,175
14287,1,173.9
14288,1,169
14289,1,176.2
14290,1,179.9
14291,2,159.6
14292,1,164.4
14293,2,160.3
14294,1,179.1
14295,1,165.3
14296,2,154.6
14297,1,167.1
14298,2,149.8
14299,2,153.3
14300,1,173.3
14301,2,161.5
14302,2,155
14303,1,170.1
14304,2,157.5
14305,1,174.2
14306,2,164.5
14307,1,173.9
14308,2,159.3
14309,1,165.8
14310,2,157.2
14311,1,174.9
14312,2,155.5
14313,1,173.2
14314,2,160.2
14315,1,177.1
14316,2,161.1
14317,2,159
14318,1,177
14319,2,165
14320,1,169
14321,2,143.4
14322,2,159.5
14323,1,174.9
14324,2,165
14325,1,171.5
14326,2,149
14327,1,165.2
14328,2,167.9
14329,2,153.1
14330,1,162
14331,2,161
14332,1,175
14333,2,162
14334,1,176
14335,2,163
14336,1,164.2
14337,2,154.7
14338,2,168.5
14339,1,163.2
14340,1,173.2
14341,1,167.5
14342,1,178.4
14343,1,175.5
14344,2,166
14345,2,171.2
14346,1,167.5
14347,2,154.9
14348,1,174.5
14349,1,184.5
14350,1,165.5
14351,2,148.5
14352,1,174.9
14353,1,167.1
14354,2,159.6
14355,2,161.5
14356,1,176.8
14357,2,146.5
14358,2,153.5
14359,2,148.1
14360,1,169.6
14361,2,169.5
14362,1,172.5
14363,2,156.7
14364,1,178.3
14365,2,162.2
14366,1,171.9
14367,2,162.5
14368,2,153.2
14369,2,154.7
14370,2,155.9
14371,1,175.9
14372,1,167.5
14373,2,154.2
14374,2,162.5
14375,2,160.2
14376,1,171.7
14377,2,160
14378,2,155.4
14379,1,164.2
14380,1,174.5
14381,2,143
14382,1,164.7
14383,2,156.8
14384,1,174
14385,2,157.1
14386,2,155.8
14387,1,147.2
14388,2,146.2
14389,1,165.6
14390,2,157.6
14391,1,159.7
14392,1,182
14393,2,153.7
14394,2,163.2
14395,2,162.7
14396,1,170.1
14397,2,155.5
14398,1,161.5
14399,2,163.5
14400,2,151
14401,1,165
14402,2,155.4
14403,2,161.2
14404,2,142.8
14405,1,170.1
14406,2,158.5
14407,1,166
14408,2,169
14409,2,158.8
14410,2,165.2
14411,2,145
14412,1,173
14413,2,171.8
14414,1,168.5
14415,1,169.7
14416,2,155.9
14417,1,175
14418,1,164.2
14419,2,163.7
14420,2,159.8
14421,2,166.7
14422,2,153.5
14423,1,176.5
14424,2,162.7
14425,1,176.4
14426,1,164.3
14427,2,155.8
14428,1,174.1
14429,2,158.4
14430,2,155.6
14431,1,175.1
14432,2,153.9
14433,2,153.3
14434,1,177.7
14435,2,155.5
14436,1,173.3
14437,2,166.3
14438,1,175.5
14439,2,159.4
14440,1,166.3
14441,2,166
14442,1,179.1
14443,2,166.9
14444,1,169.4
14445,2,160
14446,1,172.2
14447,2,164
14448,1,178.6
14449,2,158.4
14450,2,151.2
14451,1,176.5
14452,2,163.9
14453,1,175
14454,2,158.5
14455,1,179.3
14456,2,154.5
14457,2,156.5
14458,2,151
14459,1,166.5
14460,2,152.7
14461,1,169.1
14462,2,158.3
14463,1,173
14464,2,155.4
14465,1,171.1
14466,2,156.4
14467,1,177.9
14468,2,167.5
14469,1,159.7
14470,2,160.8
14471,2,156.9
14472,2,170
14473,1,158.5
14474,2,161
14475,1,165
14476,2,164.5
14477,2,160.1
14478,1,165
14479,2,160.5
14480,1,160.4
14481,2,156.5
14482,1,163.6
14483,2,151
14484,1,166.4
14485,2,162
14486,2,150.2
14487,1,175.5
14488,2,165.5
14489,1,166.7
14490,2,154.2
14491,1,172.9
14492,1,170.4
14493,2,151
14494,1,165.1
14495,2,156.9
14496,1,167.5
14497,2,159.6
14498,1,172.8
14499,2,157.3
14500,1,162.2
14501,2,159.9
14502,1,163
14503,2,154.5
14504,2,152
14505,1,177.3
14506,1,158.6
14507,2,163
14508,1,169.8
14509,2,156
14510,2,156.7
14511,2,154.9
14512,2,158.9
14513,2,152
14514,1,160.3
14515,2,156.3
14516,1,169.5
14517,2,152.4
14518,1,178.7
14519,2,169.7
14520,1,166
14521,1,165.4
14522,1,174.5
14523,2,161.9
14524,2,152.7
14525,1,175
14526,1,171.7
14527,2,159.2
14528,2,152.4
14529,1,173.6
14530,2,162.2
14531,1,166.3
14532,2,159.4
14533,1,160.1
14534,2,151.4
14535,2,157.6
14536,2,156.5
14537,2,147.8
14538,1,170.7
14539,2,158.5
14540,1,165.6
14541,2,157.3
14542,2,154.1
14543,1,174.2
14544,2,151
14545,1,171.1
14546,2,152.8
14547,1,168.5
14548,1,171.9
14549,2,159.8
14550,1,161.5
14551,2,155.2
14552,2,146.5
14553,2,154.7
14554,1,177.4
14555,2,158.2
14556,1,165.5
14557,1,170
14558,1,158.4
14559,2,154.3
14560,1,167.8
14561,1,172.2
14562,1,171
14563,2,164.6
14564,1,165.4
14565,2,150.5
14566,2,151.3
14567,1,182.5
14568,2,156.3
14569,2,154.4
14570,2,161
14571,1,175.8
14572,2,161.6
14573,2,152.8
14574,1,166.9
14575,2,150.3
14576,1,176.5
14577,2,160.5
14578,2,165
14579,2,161.8
14580,1,172
14581,2,161.6
14582,1,165.8
14583,2,162.6
14584,1,179.2
14585,2,155.9
14586,2,158.3
14587,2,157.7
14588,1,161.9
14589,1,161.2
14590,2,155.5
14591,1,172
14592,2,161.8
14593,1,160.2
14594,2,152.3
14595,1,169.9
14596,2,157.1
14597,1,166.3
14598,1,172.2
14599,1,172.8
14600,2,151.1
14601,2,150.9
14602,1,169.5
14603,2,156.4
14604,2,156.4
14605,1,160.4
14606,2,162.4
14607,1,162.8
14608,2,163.7
14609,2,149
14610,2,145.4
14611,1,174.2
14612,2,155
14613,1,172.8
14614,2,153.7
14615,2,154
14616,1,154.1
14617,2,152.7
14618,2,159
14619,2,153.1
14620,1,164.5
14621,2,154.5
14622,2,148.9
14623,1,166.5
14624,2,141.7
14625,2,149
14626,2,150
14627,2,147.8
14628,1,159.2
14629,2,152.3
14630,1,170
14631,2,153.5
14632,2,158.6
14633,1,171.9
14634,2,151.8
14635,2,161.6
14636,1,157
14637,2,146.7
14638,2,151.5
14639,1,176.5
14640,2,149.4
14641,1,162.5
14642,2,147.5
14643,2,150.6
14644,1,178.1
14645,1,164.7
14646,2,157.2
14647,1,170.7
14648,2,151
14649,1,167.6
14650,2,162.4
14651,1,169.6
14652,1,178.7
14653,2,159
14654,1,169.1
14655,2,157.3
14656,1,167.8
14657,2,152.6
14658,2,162.3
14659,1,168.9
14660,2,152.7
14661,1,162.5
14662,2,151.2
14663,2,150.4
14664,2,150.2
14665,2,154.2
14666,1,174.5
14667,2,149.8
14668,1,176.8
14669,2,160.1
14670,1,159.1
14671,2,159.1
14672,1,170.9
14673,2,155.7
14674,1,162.4
14675,2,154.8
14676,2,143.4
14677,1,158.5
14678,2,156.7
14679,1,170
14680,2,158.2
14681,1,166.3
14682,2,158.3
14683,1,168.3
14684,2,163.5
14685,2,155.7
14686,1,165.1
14687,2,152.5
14688,2,157.7
14689,1,154.1
14690,2,160
14691,1,168.3
14692,2,155.3
14693,1,161.3
14694,2,162.3
14695,1,173.1
14696,2,160.5
14697,2,161.3
14698,1,168.9
14699,2,158.9
14700,2,149.7
14701,1,162.6
14702,2,163.3
14703,1,168.8
14704,2,156.9
14705,1,167.5
14706,2,158.5
14707,1,172.2
14708,2,152.4
14709,2,146
14710,2,155
14711,1,169.1
14712,1,180.4
14713,2,152.2
14714,1,178.9
14715,2,155.8
14716,1,166.6
14717,2,161.1
14718,1,181.6
14719,2,160.1
14720,2,155.7
14721,2,155.7
14722,2,160
14723,1,169.3
14724,2,156.8
14725,2,152.3
14726,1,162
14727,2,155.8
14728,2,154.8
14729,1,170.8
14730,1,164.1
14731,2,155.3
14732,2,155
14733,1,167.8
14734,1,168
14735,2,167.3
14736,1,169
14737,1,172.4
14738,1,176
14739,2,165.8
14740,2,147.2
14741,1,160.4
14742,2,157.5
14743,2,162.2
14744,2,165
14745,2,153.1
14746,2,161
14747,1,160.9
14748,2,159
14749,1,168
14750,2,161.4
14751,1,166.8
14752,2,159.6
14753,2,154.1
14754,1,173.5
14755,1,174.2
14756,2,158
14757,2,162.7
14758,1,166.8
14759,2,153.6
14760,2,157
14761,1,166.2
14762,2,159.3
14763,1,179.1
14764,2,163.9
14765,1,172.7
14766,2,157.3
14767,2,166
14768,1,166.7
14769,2,154.3
14770,1,175.4
14771,2,149.9
14772,2,169.6
14773,2,155
14774,1,173.5
14775,2,158.1
14776,1,166.8
14777,2,159.4
14778,1,160.6
14779,2,159.5
14780,2,154.3
14781,1,168.7
14782,2,155.4
14783,2,154.9
14784,1,171
14785,2,158
14786,2,151.4
14787,1,175.2
14788,2,163
14789,1,168.1
14790,2,154.4
14791,2,160.6
14792,1,182.7
14793,2,159.2
14794,2,157.3
14795,1,156.1
14796,2,147.8
14797,1,156.4
14798,2,161.5
14799,1,158.3
14800,2,157.5
14801,1,177.8
14802,2,160.8
14803,2,159.7
14804,1,166.8
14805,2,143.8
14806,2,151.1
14807,2,156.9
14808,2,150
14809,2,157.4
14810,2,166.5
14811,1,169
14812,1,167.4
14813,2,162.3
14814,2,148.7
14815,1,174
14816,2,167.4
14817,2,150.7
14818,1,176.2
14819,2,162.6
14820,1,165.2
14821,2,149.8
14822,1,162.7
14823,2,155.9
14824,1,163.9
14825,2,157.7
14826,2,159.9
14827,1,176.9
14828,2,155.7
14829,1,166.6
14830,1,169.4
14831,2,143.1
14832,2,147
14833,1,171.7
14834,2,158.4
14835,2,154.8
14836,1,163
14837,2,162
14838,2,149.3
14839,2,153.6
14840,1,158.6
14841,2,154.5
14842,2,154.4
14843,1,159.6
14844,2,155
14845,1,164.6
14846,2,159.5
14847,2,160
14848,1,171.8
14849,1,168.7
14850,2,167
14851,1,172.1
14852,2,145.1
14853,1,164
14854,2,169.9
14855,2,159.4
14856,2,148.7
14857,1,167.4
14858,2,159.1
14859,2,162.1
14860,2,157.5
14861,2,153.2
14862,1,165.5
14863,2,148.6
14864,2,160.4
14865,1,170.8
14866,2,157.9
14867,1,173.4
14868,1,170.2
14869,2,157.4
14870,1,178.2
14871,2,162.9
14872,1,179.9
14873,2,166.9
14874,1,166.3
14875,2,158.7
14876,1,158.9
14877,2,151.6
14878,2,152.2
14879,2,163.9
14880,1,171.6
14881,2,163.6
14882,2,162.2
14883,1,164.6
14884,2,154.1
14885,2,164.4
14886,2,170.4
14887,2,167.6
14888,1,170.2
14889,2,154.7
14890,2,165.9
14891,1,177.4
14892,1,177.8
14893,2,155.6
14894,1,174.4
14895,2,153
14896,1,171.4
14897,2,158.6
14898,2,165.6
14899,1,173
14900,2,161
14901,1,177.5
14902,2,154.2
14903,1,176.2
14904,1,171.3
14905,2,164.8
14906,2,167.1
14907,2,172.4
14908,1,164.6
14909,2,153.6
14910,2,162.5
14911,1,168.7
14912,2,154.5
14913,1,171.5
14914,2,154.6
14915,1,173.9
14916,2,158.4
14917,2,160
14918,2,155
14919,1,166.5
14920,2,169.8
14921,1,172.2
14922,2,157.5
14923,1,182.5
14924,2,150.9
14925,1,158.1
14926,2,147.5
14927,1,163.5
14928,1,166.2
14929,2,159.3
14930,1,160
14931,2,159.5
14932,2,152.1
14933,1,162.4
14934,2,161
14935,1,162.5
14936,2,154.9
14937,1,171.8
14938,2,160
14939,2,166.4
14940,1,171.1
14941,1,175.7
14942,1,164.4
14943,2,154.8
14944,2,147.9
14945,1,163.5
14946,2,156
14947,2,156.5
14948,1,177
14949,2,152.8
14950,2,156.8
14951,2,167
14952,1,163.3
14953,2,156.1
14954,1,184.1
14955,2,162.1
14956,1,164.7
14957,1,162.2
14958,2,148.3
14959,2,163.3
14960,2,140.5
14961,1,169.5
14962,1,158.9
14963,2,161
14964,1,169.5
14965,2,158
14966,2,145.1
14967,1,165.1
14968,2,150.2
14969,1,186.1
14970,1,165.3
14971,2,154.4
14972,1,181.2
14973,2,168.7
14974,1,173.3
14975,2,155.6
14976,2,171.2
14977,1,178.3
14978,2,154.6
14979,2,162.8
14980,2,157.8
14981,1,175.7
14982,2,150.7
14983,1,171.5
14984,2,154
14985,1,172
14986,2,157.8
14987,1,179.5
14988,2,163.9
14989,1,172.1
14990,2,152.3
14991,1,163
14992,2,154.2
14993,1,173.6
14994,2,155.4
14995,1,174.5
14996,1,177.6
14997,2,151.6
14998,1,164.6
14999,2,156.4
15000,2,156.9
15001,2,161.9
15002,1,166
15003,2,159.3
15004,2,163.5
15005,2,154.9
15006,2,159.4
15007,2,157.3
15008,2,163.6
15009,1,171.9
15010,2,154
15011,1,178.1
15012,2,156.1
15013,2,165
15014,2,146.4
15015,1,173.8
15016,2,155.6
15017,1,168.7
15018,2,147.1
15019,1,169.5
15020,2,161.3
15021,1,170
15022,1,156.5
15023,1,170.3
15024,2,161.5
15025,1,178.4
15026,2,154.5
15027,1,168.8
15028,2,155.4
15029,1,168.4
15030,1,176.7
15031,2,165.2
15032,2,156.4
15033,1,161.4
15034,2,159.6
15035,1,160.3
15036,2,158.9
15037,1,169
15038,2,154.4
15039,1,175.2
15040,2,162.8
15041,2,155.4
15042,1,171.8
15043,2,158.9
15044,2,162
15045,2,159.2
15046,1,157.5
15047,2,154.8
15048,2,160.7
15049,1,177.4
15050,2,146.4
15051,1,184.7
15052,2,167.4
15053,1,169.6
15054,2,155.1
15055,2,158.7
15056,1,171.5
15057,2,154.8
15058,1,175.6
15059,2,154.1
15060,2,155.7
15061,1,173.3
15062,1,173.6
15063,2,158
15064,1,170.3
15065,2,157.9
15066,1,185.2
15067,2,162.4
15068,1,181.9
15069,1,160
15070,2,152.9
15071,2,160.9
15072,2,166.7
15073,1,176.6
15074,2,156.9
15075,2,164.7
15076,1,171.6
15077,2,152.6
15078,1,175.8
15079,2,160.5
15080,2,161.4
15081,2,166.3
15082,2,161.9
15083,2,161.2
15084,1,166
15085,1,165.5
15086,2,151
15087,1,168.9
15088,2,170.6
15089,2,158.6
15090,2,155.7
15091,1,166
15092,2,165.5
15093,2,160
15094,2,154.9
15095,1,174.3
15096,2,156.1
15097,2,145.6
15098,1,157.1
15099,2,153.6
15100,1,178.8
15101,2,156.5
15102,2,149.2
15103,1,169
15104,2,163.3
15105,1,174.4
15106,1,163.5
15107,1,167
15108,2,151.2
15109,2,157.9
15110,2,153
15111,1,177
15112,2,157
15113,1,174
15114,1,173
15115,2,150.9
15116,1,173.3
15117,2,150
15118,2,158.7
15119,2,153
15120,1,173.6
15121,2,148.4
15122,2,162.4
15123,2,156.2
15124,1,168.5
15125,2,156
15126,2,153
15127,1,173.2
15128,2,156.7
15129,1,176
15130,1,169.9
15131,2,157.7
15132,1,187.3
15133,2,159
15134,1,174.6
15135,2,149.1
15136,1,165.3
15137,2,155.1
15138,1,172
15139,2,161.2
15140,2,167.8
15141,2,158.4
15142,1,171.3
15143,2,157.2
15144,2,164.9
15145,2,157.4
15146,1,170.5
15147,2,153.3
15148,2,157
15149,2,156.2
15150,1,170.8
15151,1,174
15152,2,156.6
15153,1,170.2
15154,2,149.4
15155,1,183
15156,2,156.2
15157,1,176.4
15158,2,145.5
15159,1,175.9
15160,2,170.1
15161,1,178.3
15162,2,150.3
15163,1,168.5
15164,2,154.1
15165,1,171.6
15166,1,178.9
15167,2,160.9
15168,2,160.7
15169,2,142.8
15170,1,164.2
15171,2,162.8
15172,2,160.2
15173,2,155.9
15174,2,147.2
15175,1,172.3
15176,2,154.2
15177,2,163.6
15178,1,166.7
15179,1,166.3
15180,2,154.3
15181,1,171
15182,2,154.3
15183,2,149.2
15184,2,152.4
15185,1,166
15186,2,151.2
15187,2,158.2
15188,1,177.7
15189,2,148.6
15190,2,156.2
15191,1,172.3
15192,2,158
15193,1,167.3
15194,2,153.6
15195,1,169.4
15196,2,153.1
15197,1,170
15198,1,163.7
15199,2,152
15200,1,170
15201,2,155.6
15202,1,171.5
15203,2,152.4
15204,1,169
15205,2,150
15206,2,160.8
15207,1,174
15208,2,158.3
15209,1,175.2
15210,2,153.3
15211,1,165.1
15212,2,151.6
15213,1,162.4
15214,2,159
15215,2,154.4
15216,2,156.4
15217,2,168
15218,1,164.5
15219,2,157.6
15220,2,154.2
15221,1,177.3
15222,2,165.7
15223,2,163.1
15224,1,167.1
15225,2,157.5
15226,2,160.3
15227,1,164.6
15228,2,150.5
15229,1,177
15230,1,167.8
15231,2,151.1
15232,1,154.7
15233,2,160.1
15234,1,171.6
15235,1,171.5
15236,1,172.6
15237,2,167.8
15238,2,153.1
15239,1,157.8
15240,2,147.3
15241,1,175.2
15242,2,157.3
15243,1,167.6
15244,2,151.4
15245,2,168.2
15246,2,161.1
15247,1,178
15248,2,160
15249,1,177.7
15250,1,181.3
15251,1,165.7
15252,1,168.6
15253,1,167.6
15254,2,162.9
15255,2,159
15256,1,171
15257,1,171.4
15258,1,178.1
15259,1,167.1
15260,1,172.6
15261,2,143.2
15262,1,157.2
15263,1,159.6
15264,2,153.5
15265,2,160.5
15266,1,169.5
15267,2,159.1
15268,1,173.7
15269,2,161.9
15270,1,160.6
15271,2,156.1
15272,1,165.7
15273,2,158.4
15274,2,168.6
15275,1,153.7
15276,2,155
15277,1,166.1
15278,2,149.6
15279,1,177.4
15280,2,149.7
15281,2,160.5
15282,1,176.4
15283,2,160.5
15284,1,163.4
15285,2,156.5
15286,1,167.2
15287,2,156.4
15288,2,159.4
15289,1,179.4
15290,2,165
15291,1,175.7
15292,1,176.5
15293,1,171.1
15294,1,173
15295,2,158.6
15296,2,158
15297,1,158.5
15298,2,157.6
15299,1,171.2
15300,2,151.2
15301,1,171.4
15302,2,163.5
15303,1,168.9
15304,2,158.6
15305,2,162.4
15306,2,156.9
15307,1,176.7
15308,2,162.8
15309,2,160.5
15310,1,161.1
15311,2,157.2
15312,1,169.5
15313,2,160.6
15314,1,163.2
15315,1,177.1
15316,2,161
15317,1,170.4
15318,2,152.9
15319,2,170.9
15320,1,163.1
15321,2,152.3
15322,2,156.5
15323,1,169.3
15324,1,165.4
15325,2,162.5
15326,1,174.9
15327,2,154.1
15328,1,168
15329,2,152.8
15330,1,164.3
15331,2,167.4
15332,1,168.8
15333,1,168.3
15334,2,152.6
15335,1,168.5
15336,1,182
15337,1,179.8
15338,2,158.1
15339,1,174
15340,2,156.9
15341,2,152.7
15342,1,160.9
15343,2,160.1
15344,2,166.1
15345,1,174.8
15346,2,163.6
15347,2,161.9
15348,2,151.4
15349,1,173.4
15350,2,156.8
15351,1,180.9
15352,2,162.4
15353,1,174.3
15354,2,160.8
15355,2,165.3
15356,2,159.7
15357,1,181.9
15358,2,155.5
15359,1,168.3
15360,2,160
15361,1,160.5
15362,2,158.5
15363,2,156.1
15364,2,161
15365,1,171.8
15366,2,165
15367,1,171.2
15368,2,153.9
15369,1,163.7
15370,2,158.2
15371,2,159.7
15372,1,172.3
15373,2,166.4
15374,1,169.3
15375,2,159.4
15376,2,162.8
15377,1,174.5
15378,2,155.6
15379,2,164.5
15380,1,172
15381,2,156.2
15382,2,156.5
15383,1,175.5
15384,2,156.2
15385,2,165.1
15386,1,164.7
15387,2,147.7
15388,2,151.2
15389,1,167.7
15390,2,157.8
15391,1,165.2
15392,2,150.8
15393,1,179
15394,2,164.7
15395,1,164.6
15396,2,145.5
15397,1,161
15398,2,157
15399,1,177
15400,2,153.6
15401,1,179.9
15402,2,156.9
15403,2,153.6
15404,1,165.2
15405,2,155.8
15406,2,165
15407,1,153.6
15408,1,179.5
15409,2,158.2
15410,2,158.8
15411,1,173.2
15412,2,168.3
15413,1,170.1
15414,2,157.9
15415,1,166.3
15416,2,152.2
15417,2,152.9
15418,1,174.3
15419,2,159.6
15420,2,165.5
15421,2,158.3
15422,1,163.5
15423,2,165
15424,2,153
15425,2,158.5
15426,1,183
15427,2,164.8
15428,1,167.5
15429,1,168.5
15430,2,153.3
15431,2,147.5
15432,1,178.4
15433,2,168.5
15434,1,169.1
15435,1,171.1
15436,1,162.5
15437,1,171.3
15438,2,152.9
15439,1,179.2
15440,2,160.9
15441,1,160
15442,1,159.8
15443,1,165.7
15444,2,154.2
15445,2,165
15446,1,171.7
15447,2,154.3
15448,1,160.3
15449,2,157
15450,1,166.4
15451,2,158
15452,2,159.5
15453,2,163.6
15454,2,160.7
15455,2,159.4
15456,1,167.8
15457,2,154
15458,1,171.4
15459,2,153.9
15460,1,169.2
15461,2,164.2
15462,1,168.3
15463,2,168.8
15464,2,163.7
15465,1,175.1
15466,1,165.2
15467,2,163.7
15468,1,167.9
15469,1,168.1
15470,2,156.3
15471,2,163.6
15472,1,168.6
15473,2,157.8
15474,2,162.4
15475,2,150.2
15476,1,166
15477,2,159.2
15478,2,149.7
15479,1,173.5
15480,2,160.6
15481,2,168
15482,1,167.1
15483,2,153.5
15484,2,147.8
15485,1,168.8
15486,2,167.2
15487,2,158.3
15488,1,170.8
15489,2,155.7
15490,2,156.7
15491,2,157.2
15492,2,150.7
15493,2,157.4
15494,2,158.5
15495,2,145
15496,2,158.7
15497,2,158.8
15498,1,163.9
15499,2,164
15500,2,167
15501,2,149
15502,1,165.7
15503,2,150
15504,1,160.8
15505,2,164.9
15506,2,155.4
15507,1,168.4
15508,2,164
15509,1,176.6
15510,2,156.6
15511,2,149.4
15512,2,158.3
15513,1,175
15514,2,161.8
15515,1,169
15516,2,153.2
15517,1,168.1
15518,2,150.4
15519,2,153.7
15520,2,158.6
15521,1,171.5
15522,1,161.4
15523,1,166.9
15524,2,157.5
15525,2,162.2
15526,1,164
15527,2,159.8
15528,1,168.4
15529,2,150.2
15530,1,178
15531,2,157.7
15532,1,164.6
15533,2,143
15534,2,149.3
15535,2,163.7
15536,1,163.5
15537,2,152.2
15538,1,169.4
15539,1,177.5
15540,2,162.4
15541,2,161
15542,1,170.3
15543,2,160.8
15544,1,162.7
15545,2,150.8
15546,2,151
15547,1,162.1
15548,2,152.4
15549,1,167.4
15550,1,169.4
15551,2,159.6
15552,1,167.3
15553,2,159.8
15554,2,160.2
15555,2,164.9
15556,2,157.9
15557,1,160.2
15558,1,165.2
15559,2,150.1
15560,1,158.1
15561,2,152.7
15562,1,170.9
15563,1,165.4
15564,2,168.8
15565,1,174.9
15566,2,154.9
15567,1,168
15568,2,159.7
15569,1,171.8
15570,2,170.1
15571,2,153.6
15572,1,116.6
15573,2,154.3
15574,2,151
15575,1,174.3
15576,1,168
15577,2,160.6
15578,1,174.7
15579,2,156.8
15580,1,162.3
15581,2,165.3
15582,1,178.5
15583,1,171
15584,2,165
15585,1,173.1
15586,2,158.3
15587,2,164
15588,2,162.2
15589,1,162.9
15590,2,150.2
15591,1,172.2
15592,2,161.3
15593,1,169
15594,1,168.8
15595,2,161.7
15596,2,156.6
15597,1,173.9
15598,1,176.4
15599,2,158.7
15600,1,171.5
15601,2,151.6
15602,1,172.9
15603,1,183.2
15604,2,170.9
15605,1,167.8
15606,2,170.4
15607,1,172.5
15608,2,162.7
15609,1,167
15610,2,156.7
15611,1,166.6
15612,2,155.4
15613,2,151.2
15614,1,158.1
15615,1,156.4
15616,1,170.9
15617,2,162.7
15618,1,173.6
15619,2,152.9
15620,1,166.2
15621,2,154
15622,2,155.2
15623,1,162.7
15624,2,153.3
15625,1,164.3
15626,2,144.5
15627,2,156.2
15628,1,171.8
15629,2,156.7
15630,1,180.8
15631,2,158.7
15632,1,175.3
15633,2,159.2
15634,1,163.6
15635,2,157.5
15636,1,171
15637,2,156.2
15638,2,181
15639,1,164
15640,1,158
15641,1,172
15642,2,157
15643,2,157.3
15644,2,164.8
15645,2,154.2
15646,2,159
15647,1,174.2
15648,2,158.3
15649,2,164.3
15650,1,178.6
15651,2,144.2
15652,1,182
15653,2,152
15654,2,155
15655,1,164
15656,2,158.6
15657,1,173.6
15658,2,160.7
15659,1,169.4
15660,2,166.1
15661,2,157.3
15662,1,168.6
15663,2,159
15664,2,152.3
15665,1,166
15666,1,166.5
15667,2,152.3
15668,1,170.2
15669,2,155.5
15670,2,168.3
15671,1,161
15672,2,163.8
15673,2,162.8
15674,1,172
15675,2,153
15676,1,175.5
15677,2,153.5
15678,1,176
15679,1,165.6
15680,2,156
15681,2,166.7
15682,1,170.3
15683,1,163.4
15684,1,169.5
15685,2,167.7
15686,2,157.7
15687,1,174.6
15688,2,163.1
15689,2,159.7
15690,1,170.2
15691,2,166.7
15692,1,177
15693,2,157
15694,2,169.2
15695,1,167.2
15696,2,152.7
15697,1,177.3
15698,2,160.2
15699,2,163.5
15700,1,179.5
15701,2,155.2
15702,2,155.7
15703,2,159.5
15704,2,158.3
15705,2,156.1
15706,2,141.6
15707,1,161.6
15708,2,151.3
15709,1,175.9
15710,2,159.5
15711,2,149.6
15712,1,162.2
15713,2,149.7
15714,1,166.1
15715,1,164.5
15716,2,160.4
15717,1,174.6
15718,2,154
15719,1,173.4
15720,1,162.5
15721,2,154
15722,1,178.2
15723,2,164.1
15724,1,174.2
15725,2,166.6
15726,1,177.8
15727,2,166.7
15728,1,174.5
15729,2,155.3
15730,2,171.1
15731,1,172.1
15732,2,155.5
15733,1,178.3
15734,1,173.6
15735,2,162.3
15736,1,181.3
15737,2,163.5
15738,1,181.2
15739,2,163.7
15740,1,158.6
15741,2,152.8
15742,2,156
15743,1,168.6
15744,1,164.4
15745,2,158.7
15746,1,171.3
15747,2,155.4
15748,2,168.6
15749,2,158.6
15750,2,157.1
15751,1,174.6
15752,2,157.2
15753,1,172.4
15754,2,158.2
15755,2,175.7
15756,2,155
15757,2,163.7
15758,1,166.9
15759,1,165.6
15760,2,159.4
15761,1,172.1
15762,2,159.4
15763,1,182.3
15764,2,159.8
15765,1,170.2
15766,2,158.9
15767,2,163.1
15768,1,168.4
15769,2,161.5
15770,2,158.7
15771,1,167.1
15772,2,155.2
15773,1,164.1
15774,2,155.4
15775,2,158.3
15776,1,183.8
15777,2,152.2
15778,2,163.5
15779,1,173.2
15780,2,152.1
15781,2,158.7
15782,1,160.8
15783,2,156.7
15784,1,160.1
15785,1,160.9
15786,2,153.3
15787,2,151.5
15788,1,176
15789,2,160.7
15790,2,160.1
15791,1,158.4
15792,2,144.4
15793,1,161.2
15794,2,154.1
15795,1,174.7
15796,2,148.9
15797,2,158.5
15798,1,160.7
15799,1,164.4
15800,2,157.5
15801,2,166.1
15802,2,162.7
15803,1,167.7
15804,2,149.2
15805,1,175.8
15806,2,153.5
15807,1,171.9
15808,2,158
15809,1,171.3
15810,2,149.2
15811,1,172.4
15812,2,155.3
15813,2,164.1
15814,1,155.9
15815,2,164.6
15816,2,163.7
15817,1,167
15818,2,165
15819,2,167.5
15820,1,169
15821,2,156.5
15822,1,178.4
15823,1,170.9
15824,2,154.7
15825,1,176.1
15826,2,164.5
15827,2,154.2
15828,1,182.1
15829,2,156.4
15830,2,170.4
15831,1,163
15832,2,155.7
15833,1,168.3
15834,1,170.4
15835,2,154.6
15836,1,164.2
15837,2,160.3
15838,1,160.9
15839,2,157.1
15840,2,161.6
15841,1,177.6
15842,2,163
15843,2,157.7
15844,2,158.7
15845,2,154.6
15846,2,162.8
15847,1,176.6
15848,2,172
15849,1,176
15850,2,163.7
15851,1,169.9
15852,2,158.2
15853,2,154.1
15854,1,172.1
15855,1,167
15856,2,161.3
15857,1,161
15858,2,153.9
15859,2,154
15860,2,166.3
15861,2,154.3
15862,1,172.9
15863,1,163.1
15864,2,166.7
15865,1,177.6
15866,2,152
15867,1,163.7
15868,2,156.7
15869,2,153.9
15870,1,175.3
15871,2,159
15872,2,154.5
15873,1,168.5
15874,2,158.1
15875,1,170.2
15876,2,152.8
15877,1,175
15878,2,163.5
15879,2,163.2
15880,2,151.4
15881,2,153.7
15882,1,173.1
15883,1,171.1
15884,1,176.8
15885,2,161.1
15886,2,157.3
15887,2,155.6
15888,2,155.3
15889,2,161
15890,1,169.5
15891,2,153.9
15892,1,166.5
15893,2,164.5
15894,2,158.8
15895,2,157.8
15896,1,167
15897,2,155.2
15898,2,154.2
15899,2,159.2
15900,2,158.5
15901,2,160.9
15902,1,182.5
15903,2,164.9
15904,1,174
15905,2,160.7
15906,1,174
15907,2,159.2
15908,1,169.6
15909,2,153
15910,2,159.3
15911,2,163
15912,1,157.3
15913,2,153.6
15914,2,156.1
15915,2,154.5
15916,1,163.6
15917,2,157.1
15918,2,158.1
15919,1,163.8
15920,2,163.1
15921,2,155.2
15922,1,160
15923,1,170
15924,2,159.5
15925,1,178.6
15926,2,162.2
15927,1,168
15928,2,160
15929,2,159.8
15930,1,161.4
15931,2,163
15932,2,156.2
15933,1,172.6
15934,2,161.4
15935,1,167
15936,2,153
15937,1,168.2
15938,2,152.5
15939,2,158
15940,1,170.4
15941,1,176.4
15942,2,160.4
15943,1,163.4
15944,2,150.6
15945,1,169.9
15946,2,159.1
15947,2,157
15948,1,165
15949,2,152.7
15950,1,170.1
15951,2,160.5
15952,2,158
15953,1,182.4
15954,1,180.2
15955,1,174
15956,2,164.1
15957,2,167.2
15958,1,187
15959,2,152.4
15960,2,173.5
15961,1,157.5
15962,2,157.4
15963,1,167.5
15964,2,154.2
15965,1,167
15966,2,149.1
15967,2,154.2
15968,1,170.5
15969,1,169.9
15970,1,165
15971,2,168.3
15972,1,166.6
15973,2,156.8
15974,2,162.4
15975,2,165
15976,2,157.4
15977,2,167.4
15978,2,163.5
15979,1,177
15980,2,166.4
15981,1,177
15982,2,162
15983,1,169.9
15984,2,160.2
15985,2,156
15986,1,162.8
15987,2,152.5
15988,1,168
15989,2,153
15990,1,176
15991,1,174
15992,2,161.4
15993,1,152.4
15994,2,160
15995,1,180.3
15996,1,173.2
15997,1,174
15998,2,156.4
15999,1,177
16000,2,163
16001,1,175.4
16002,2,161.7
16003,1,170
16004,1,168
16005,2,157.9
16006,2,153
16007,1,174.3
16008,1,173
16009,1,163.9
16010,2,162.2
16011,2,160.6
16012,1,162
16013,2,155
16014,1,172
16015,2,161
16016,2,156.1
16017,1,172
16018,2,153.8
16019,2,164
16020,2,160
16021,2,153.9
16022,1,168.3
16023,2,161.2
16024,2,148.7
16025,1,180
16026,2,152
16027,1,190.1
16028,2,159
16029,2,156.6
16030,1,170.7
16031,1,161
16032,1,156.6
16033,2,156.2
16034,2,153.6
16035,1,165.6
16036,2,158.4
16037,1,166
16038,1,164.6
16039,2,153.2
16040,2,158.3
16041,1,170.8
16042,2,155.3
16043,2,162.8
16044,1,174.8
16045,2,155.6
16046,1,162.1
16047,2,151.1
16048,2,158.2
16049,2,167.6
16050,2,162.5
16051,2,166
16052,1,168.2
16053,1,163.5
16054,2,156.2
16055,1,166.5
16056,2,162.1
16057,2,159.6
16058,2,167.7
16059,2,151.1
16060,2,153
16061,1,173.9
16062,2,156.2
16063,2,157.7
16064,1,163.3
16065,2,152.5
16066,2,162.5
16067,2,149
16068,1,171
16069,2,153
16070,1,165.5
16071,1,159.5
16072,2,156
16073,1,175
16074,2,155
16075,2,152.7
16076,1,173
16077,2,147.5
16078,2,158.5
16079,1,171.5
16080,1,170.4
16081,2,153.8
16082,1,164.9
16083,2,157.2
16084,2,159.8
16085,2,170.4
16086,1,179
16087,1,167.4
16088,2,148.9
16089,1,173.1
16090,2,159.2
16091,2,146.8
16092,1,174.8
16093,2,161.5
16094,2,158.3
16095,1,166.2
16096,2,160.7
16097,2,159.5
16098,2,162.3
16099,1,173.7
16100,2,157.6
16101,1,177.7
16102,2,162.3
16103,1,172.6
16104,2,152.7
16105,2,163.7
16106,2,154.2
16107,2,159.2
16108,2,160.2
16109,2,156.6
16110,1,173.4
16111,2,148.3
16112,2,155.3
16113,2,161.2
16114,2,144.6
16115,1,162.4
16116,2,151
16117,1,173.7
16118,2,161.4
16119,1,164
16120,2,152
16121,1,173
16122,2,152
16123,1,182.2
16124,2,164
16125,1,169.4
16126,1,168.5
16127,2,166.6
16128,1,158.5
16129,2,154.4
16130,1,160
16131,2,163.5
16132,1,166
16133,2,143
16134,1,160.7
16135,2,159.2
16136,2,161.6
16137,1,169.3
16138,2,159
16139,2,152.1
16140,1,167.7
16141,2,154.9
16142,2,143
16143,2,146
16144,2,161.5
16145,2,156.5
16146,1,171.7
16147,2,153.8
16148,1,166.6
16149,2,147.4
16150,2,155.3
16151,1,168.3
16152,2,153.3
16153,2,160.1
16154,1,170.5
16155,1,174.4
16156,2,161.6
16157,1,175.7
16158,1,169.8
16159,2,157.9
16160,1,169.6
16161,2,165
16162,1,176.9
16163,2,171
16164,1,166.7
16165,2,154.2
16166,1,174.6
16167,2,152.8
16168,1,168.3
16169,1,169.2
16170,1,170.6
16171,2,145.1
16172,1,163.3
16173,2,159
16174,1,170
16175,1,178.9
16176,2,167.3
16177,1,178.8
16178,1,170.4
16179,2,158.4
16180,1,180.5
16181,2,154
16182,2,156.9
16183,1,170.7
16184,2,159.9
16185,1,189.7
16186,1,166.9
16187,2,159.4
16188,1,172.9
16189,1,173.6
16190,2,163.4
16191,2,158.2
16192,1,174.6
16193,2,154.4
16194,1,139.4
16195,2,151.6
16196,1,168.5
16197,2,155.2
16198,1,166.1
16199,2,152.7
16200,1,175.3
16201,2,159.6
16202,1,181.5
16203,2,159.1
16204,1,171.6
16205,2,157.6
16206,2,154.6
16207,2,155.6
16208,2,154.4
16209,2,160.3
16210,2,164.6
16211,1,166.1
16212,2,145.8
16213,1,173.4
16214,2,158.6
16215,2,165.5
16216,2,162.6
16217,2,159.6
16218,2,158
16219,2,159.4
16220,2,156.1
16221,2,159.2
16222,2,158.3
16223,2,153.4
16224,1,160
16225,2,164.8
16226,2,162.3
16227,2,156.4
16228,1,175.7
16229,2,156.3
16230,1,168.6
16231,2,147.4
16232,1,167
16233,2,160.6
16234,1,175.7
16235,1,171.5
16236,1,166.3
16237,2,155.7
16238,2,159.6
16239,2,160.2
16240,1,172.2
16241,2,164.7
16242,1,163.1
16243,2,164
16244,2,149.3
16245,2,161.3
16246,1,165.8
16247,1,172.6
16248,2,158.2
16249,1,169.4
16250,1,158.2
16251,1,167
16252,2,164.5
16253,2,156.7
16254,2,160.8
16255,1,179.5
16256,2,157
16257,2,167.1
16258,1,165
16259,2,152
16260,2,154.9
16261,2,154.7
16262,2,169.8
16263,1,181.1
16264,1,174.5
16265,2,160.1
16266,1,172
16267,2,162.9
16268,1,172.6
16269,2,152.3
16270,1,176.7
16271,2,155.9
16272,2,171.7
16273,1,173.4
16274,2,159.7
16275,2,148
16276,1,168.1
16277,2,155.8
16278,1,173.6
16279,2,154.8
16280,2,153.4
16281,1,167
16282,2,149.5
16283,1,175.6
16284,1,168.9
16285,2,154
16286,2,158.9
16287,2,159
16288,1,168.6
16289,1,167.3
16290,2,161
16291,2,171.8
16292,1,175
16293,2,154.5
16294,1,169.2
16295,2,160.5
16296,2,157.5
16297,2,149.5
16298,2,155.9
16299,1,166.8
16300,2,157.4
16301,1,160.4
16302,2,152.4
16303,2,159
16304,1,175
16305,1,164.2
16306,2,151.2
16307,2,152.1
16308,1,162.5
16309,2,151
16310,2,155.2
16311,1,171.3
16312,2,145.6
16313,1,167.3
16314,2,160.4
16315,1,167.4
16316,2,157.8
16317,1,167
16318,2,153.1
16319,2,159
16320,2,155.7
16321,1,181.2
16322,2,161.1
16323,2,152.7
16324,1,174.5
16325,1,172
16326,1,164.7
16327,2,167.7
16328,2,166.7
16329,2,164.2
16330,2,167.7
16331,1,173.3
16332,2,164.9
16333,2,155
16334,1,162.3
16335,1,171.5
16336,2,145.5
16337,2,156.3
16338,2,161.7
16339,2,149.5
16340,1,151.2
16341,2,162.9
16342,1,173.4
16343,2,161.1
16344,2,173.3
16345,2,152.7
16346,1,168.4
16347,2,157.2
16348,2,150.4
16349,1,171.3
16350,2,155.4
16351,1,169.5
16352,2,157.6
16353,1,180.7
16354,1,179.2
16355,2,151
16356,2,153.3
16357,1,166.8
16358,1,160.3
16359,2,147.1
16360,1,166
16361,2,163.2
16362,1,169.6
16363,2,161.2
16364,2,158.3
16365,1,170
16366,2,162.9
16367,1,170
16368,2,159.4
16369,2,161.2
16370,2,161.5
16371,2,149
16372,1,170.9
16373,2,159
16374,1,173.6
16375,2,158.6
16376,1,164.6
16377,2,148.6
16378,1,172.8
16379,1,170
16380,1,163.1
16381,2,161.6
16382,1,173.3
16383,2,147.3
16384,2,169.4
16385,1,161.8
16386,2,159.1
16387,1,171.1
16388,1,162.3
16389,2,150.4
16390,2,147
16391,2,150
16392,1,164.5
16393,1,173.1
16394,2,167
16395,1,179.5
16396,2,155.3
16397,2,146.2
16398,1,168.1
16399,2,151.4
16400,2,159.6
16401,1,168.8
16402,2,158.9
16403,1,169.4
16404,1,160.9
16405,1,168.6
16406,2,158.5
16407,2,155.3
16408,2,147.9
16409,1,171.6
16410,2,161
16411,1,167.3
16412,2,153.9
16413,2,164
16414,2,157
16415,1,175.3
16416,2,156.8
16417,2,157.9
16418,1,177.6
16419,1,170.6
16420,1,171.6
16421,2,152.8
16422,2,163.2
16423,2,162.2
16424,1,172
16425,1,171.9
16426,1,176.3
16427,2,161.7
16428,1,167.6
16429,2,160
16430,2,153.1
16431,1,170.9
16432,2,159
16433,2,155.5
16434,1,173.8
16435,2,163.4
16436,2,164.8
16437,1,172.9
16438,2,166.3
16439,1,155.8
16440,2,156.7
16441,1,173.4
16442,2,156.6
16443,1,168.2
16444,1,180.4
16445,2,155.6
16446,1,164
16447,2,162.9
16448,2,157.9
16449,2,158
16450,1,168.5
16451,2,159
16452,2,165.3
16453,1,168.8
16454,1,161.8
16455,2,165.8
16456,2,147.5
16457,2,160
16458,1,174.8
16459,1,171.7
16460,2,148.9
16461,2,154.8
16462,2,152.3
16463,1,160.8
16464,2,158.5
16465,1,163.5
16466,2,158
16467,2,161.9
16468,1,165.2
16469,2,156.6
16470,1,171.9
16471,2,157.2
16472,1,159.8
16473,2,162.2
16474,2,160.9
16475,2,159.1
16476,1,169.6
16477,2,158.2
16478,1,182.5
16479,2,162.2
16480,1,179.7
16481,1,171
16482,2,162.5
16483,2,167.8
16484,1,184.4
16485,1,179.8
16486,2,154.6
16487,2,154
16488,2,160.1
16489,1,157.4
16490,2,159.2
16491,1,163
16492,1,170.6
16493,2,160.4
16494,2,157
16495,2,159.3
16496,1,175
16497,2,153.8
16498,1,161.4
16499,2,159
16500,1,172
16501,2,165.6
16502,1,172.6
16503,2,159.5
16504,2,158.7
16505,1,167.5
16506,2,162
16507,2,150
16508,1,178
16509,2,160.1
16510,2,162.5
16511,1,164.4
16512,2,167.8
16513,2,161.8
16514,2,155
16515,1,162
16516,2,159.6
16517,1,167.1
16518,2,159.4
16519,2,151
16520,1,155.3
16521,1,179.1
16522,1,170
16523,2,163.1
16524,1,167.5
16525,2,155
16526,1,173
16527,1,179
16528,2,170
16529,1,169.2
16530,2,159.7
16531,1,170.7
16532,2,159
16533,2,165.3
16534,1,173.2
16535,1,170.1
16536,2,155.6
16537,1,167.6
16538,1,167.3
16539,1,182
16540,1,169.5
16541,1,173.2
16542,2,164.5
16543,1,174.5
16544,2,162.8
16545,1,169
16546,2,152.2
16547,2,160.4
16548,1,175.9
16549,2,158.6
16550,1,171.7
16551,2,155.6
16552,2,167.8
16553,1,165.3
16554,2,154.4
16555,1,182.9
16556,2,156.5
16557,1,170.5
16558,2,154.5
16559,1,166.7
16560,2,154.6
16561,1,181.1
16562,2,166.2
16563,1,173.8
16564,2,162.2
16565,1,170
16566,2,164.7
16567,1,177.5
16568,2,159.3
16569,2,147.5
16570,1,176.9
16571,2,152.9
16572,1,177.2
16573,2,160.5
16574,1,166
16575,2,165.5
16576,2,150.7
16577,1,173.9
16578,2,158.6
16579,2,161.1
16580,1,163.6
16581,2,160.3
16582,1,169.4
16583,2,169.7
16584,2,156.6
16585,2,170
16586,1,176.5
16587,2,171.4
16588,1,175
16589,2,164.2
16590,1,178.9
16591,2,157.7
16592,1,164.5
16593,2,158.1
16594,1,173
16595,2,161.7
16596,1,163.1
16597,2,164.6
16598,1,166.9
16599,1,166.9
16600,2,154
16601,2,161
16602,2,159.8
16603,1,172.2
16604,2,154.2
16605,2,163.3
16606,2,156.7
16607,1,170
16608,2,167.6
16609,1,166.3
16610,2,155.7
16611,2,169.6
16612,1,172.1
16613,1,165.3
16614,2,156.4
16615,1,169.6
16616,1,169.3
16617,2,159.6
16618,1,172.6
16619,2,156.2
16620,1,160.1
16621,2,162.6
16622,2,153.2
16623,2,158.1
16624,1,163.9
16625,2,166.2
16626,1,173.8
16627,1,163.6
16628,2,153.9
16629,2,153.6
16630,1,162.5
16631,1,160.5
16632,2,156.3
16633,1,170
16634,2,155.4
16635,1,168
16636,2,156
16637,1,165.1
16638,2,154.8
16639,1,180.9
16640,2,161.8
16641,2,168.6
16642,1,177.6
16643,2,158
16644,1,157
16645,2,165.7
16646,2,151.5
16647,2,150
16648,1,175.3
16649,2,156.9
16650,1,178.3
16651,1,182.9
16652,1,181.6
16653,2,151.1
16654,1,178.1
16655,2,157.1
16656,1,179.4
16657,2,163.1
16658,1,160.2
16659,1,174.5
16660,1,179.7
16661,1,165.1
16662,2,155.2
16663,1,163.4
16664,2,157
16665,1,168.2
16666,2,163.7
16667,2,155.4
16668,1,167.7
16669,2,159
16670,2,162
16671,2,162.6
16672,1,169.7
16673,2,156.4
16674,2,153.2
16675,1,178.6
16676,2,167.9
16677,1,173.7
16678,2,156.8
16679,2,152.5
16680,1,156.5
16681,2,145.5
16682,1,169.4
16683,2,154.9
16684,2,151.6
16685,1,173.4
16686,2,165.1
16687,1,169.7
16688,2,158.1
16689,1,174
16690,2,164.1
16691,1,169.6
16692,1,167.6
16693,2,160.3
16694,1,177.1
16695,2,151.5
16696,1,175.5
16697,2,159.2
16698,1,189
16699,2,144.7
16700,1,175.3
16701,1,170.5
16702,2,153.1
16703,2,157.8
16704,2,158.8
16705,2,165
16706,1,169.9
16707,2,159.7
16708,1,175.7
16709,2,162.7
16710,1,180.3
16711,2,163.3
16712,1,172.6
16713,2,159.7
16714,2,150.7
16715,1,169.8
16716,2,165.4
16717,1,172.6
16718,2,163.2
16719,1,163.1
16720,1,169.1
16721,2,163
16722,1,163.8
16723,1,171.1
16724,2,156.1
16725,1,178.1
16726,2,165.6
16727,1,176.4
16728,1,173.6
16729,2,156
16730,1,182.9
16731,2,158.4
16732,1,174.5
16733,2,165.2
16734,1,171.7
16735,2,158.6
16736,2,148.9
16737,1,171.5
16738,2,157.4
16739,1,164.8
16740,2,157.8
16741,1,177.1
16742,2,156.6
16743,1,167.6
16744,2,158.8
16745,1,175
16746,2,162
16747,1,170.4
16748,2,160.6
16749,1,168
16750,2,167.9
16751,1,178.8
16752,2,162.9
16753,1,177.5
16754,2,160
16755,2,162.6
16756,2,164.1
16757,2,164.8
16758,1,146.1
16759,2,163.2
16760,1,171.9
16761,2,151.4
16762,2,147.1
16763,1,166.9
16764,2,151.9
16765,1,167.2
16766,2,160.4
16767,1,175.5
16768,1,161
16769,2,162
16770,1,164.6
16771,2,153.3
16772,1,173.2
16773,2,165.2
16774,1,167.1
16775,2,159.9
16776,1,159.2
16777,2,156.3
16778,1,159.9
16779,2,155.8
16780,2,145.1
16781,2,153
16782,2,160
16783,1,165.7
16784,2,147.9
16785,1,181.7
16786,2,163.7
16787,2,157.6
16788,2,160.3
16789,1,165.7
16790,2,158
16791,1,170
16792,1,168.8
16793,2,164.4
16794,2,158.2
16795,1,163
16796,2,151
16797,2,144
16798,2,154.5
16799,1,161.2
16800,1,165
16801,2,146.2
16802,1,164.7
16803,2,151.4
16804,2,145
16805,2,158.7
16806,2,148.6
16807,1,165
16808,1,160.4
16809,2,158.3
16810,2,160.3
16811,2,153.5
16812,2,160.3
16813,2,164
16814,2,153.6
16815,1,172.4
16816,1,178.3
16817,2,157
16818,1,166.1
16819,2,158.5
16820,1,168.4
16821,2,151.1
16822,1,166.7
16823,1,171.4
16824,1,169
16825,2,158.2
16826,1,180.9
16827,2,160.8
16828,2,152.7
16829,1,173
16830,2,163.6
16831,1,166
16832,2,165.8
16833,1,171.1
16834,2,159
16835,2,151.2
16836,2,156.1
16837,2,151.5
16838,1,175.1
16839,2,158.6
16840,1,159.9
16841,2,147.1
16842,1,165.7
16843,1,175.5
16844,2,155.4
16845,2,157.5
16846,2,165.3
16847,1,157.5
16848,2,149.9
16849,2,160.3
16850,1,164.4
16851,2,154.4
16852,1,164.2
16853,2,161.3
16854,1,185.1
16855,2,161.3
16856,2,154.3
16857,1,179.3
16858,2,162.5
16859,1,159.8
16860,1,170.6
16861,2,163.6
16862,1,169
16863,2,160.6
16864,1,172.5
16865,2,164.3
16866,1,169.1
16867,2,160.9
16868,2,159.5
16869,1,165.3
16870,1,174.9
16871,1,177.2
16872,1,168.4
16873,2,163
16874,1,169
16875,2,154
16876,1,176.5
16877,2,157.2
16878,1,170.1
16879,2,152
16880,1,174.4
16881,2,155.6
16882,1,175
16883,2,156.5
16884,2,152.4
16885,1,180
16886,2,162.5
16887,1,168.3
16888,2,155.1
16889,1,166.5
16890,2,161
16891,1,168.2
16892,2,170.7
16893,1,166.1
16894,2,157.4
16895,1,178
16896,2,158
16897,1,168.3
16898,2,156.7
16899,1,171.8
16900,2,159
16901,1,184.9
16902,2,164.4
16903,2,155
16904,1,152.8
16905,1,173.2
16906,2,154.7
16907,2,157.4
16908,1,177.6
16909,2,155.4
16910,1,169.3
16911,2,156.3
16912,2,155.6
16913,1,162.4
16914,2,157.1
16915,1,169.2
16916,1,161.4
16917,2,157
16918,2,154.6
16919,1,164
16920,2,159.7
16921,2,156.9
16922,2,155.2
16923,2,150.8
16924,2,154.2
16925,1,160.7
16926,2,151.4
16927,2,157
16928,2,152.1
16929,1,174.3
16930,2,165.3
16931,1,168.2
16932,2,156.9
16933,2,155.8
16934,2,163.3
16935,1,166.4
16936,1,167
16937,2,157.1
16938,1,162
16939,2,156.2
16940,2,152
16941,1,159.1
16942,1,164.1
16943,2,149.8
16944,2,153
16945,1,153.9
16946,2,158.4
16947,1,168.8
16948,1,171
16949,2,161
16950,1,169.5
16951,2,159.4
16952,2,161.6
16953,2,150.6
16954,1,166.5
16955,2,159.1
16956,1,160.6
16957,2,159.2
16958,1,171.6
16959,2,168.1
16960,1,185
16961,2,155.5
16962,1,171.7
16963,2,164.3
16964,1,169.9
16965,2,158
16966,2,161
16967,1,166.6
16968,2,160
16969,1,171.1
16970,2,150.2
16971,1,171.5
16972,2,163.5
16973,1,175.1
16974,2,159.2
16975,2,165.2
16976,1,167
16977,2,163.7
16978,1,165.5
16979,2,154.4
16980,1,169.7
16981,2,154.4
16982,1,174.8
16983,2,158.7
16984,1,176.3
16985,2,157.9
16986,1,163.5
16987,1,167.6
16988,2,158.4
16989,2,154.3
16990,1,171.6
16991,2,156.5
16992,2,154.5
16993,2,149.1
16994,2,155.7
16995,1,170
16996,1,163.5
16997,2,156
16998,2,163.5
16999,1,183.5
17000,1,169.8
17001,2,151.1
17002,2,162.5
17003,2,152.5
17004,2,159.5
17005,1,164.5
17006,2,148
17007,1,170.5
17008,2,158
17009,1,175.5
17010,2,162
17011,2,156.8
17012,1,161.4
17013,2,159.7
17014,1,165.1
17015,1,165.6
17016,2,158.5
17017,1,168.1
17018,2,164.1
17019,2,170.2
17020,1,164.5
17021,2,160.7
17022,1,167.7
17023,1,162.5
17024,2,152.6
17025,1,167
17026,2,150
17027,1,167
17028,2,152.4
17029,2,157.7
17030,1,170.1
17031,2,155.4
17032,2,151.4
17033,1,168.6
17034,2,152.5
17035,1,172.8
17036,2,156.4
17037,2,158.5
17038,2,149.1
17039,1,172
17040,2,157.4
17041,1,172.5
17042,2,156
17043,2,154.2
17044,2,156.9
17045,1,162
17046,2,149.7
17047,1,163.5
17048,2,157.6
17049,1,178.4
17050,2,156.5
17051,1,166.8
17052,2,158.5
17053,1,166.1
17054,2,162.5
17055,2,168
17056,1,154.2
17057,2,149
17058,2,157.8
17059,2,153.4
17060,1,176
17061,2,152.7
17062,1,161.7
17063,2,156.1
17064,1,166.9
17065,2,154.6
17066,1,165
17067,2,148.4
17068,1,159.3
17069,2,162.9
17070,2,156.7
17071,1,166.1
17072,2,157
17073,2,161.3
17074,1,176.8
17075,2,156.1
17076,1,166.3
17077,2,152.2
17078,2,153.9
17079,1,165.1
17080,2,150.1
17081,2,155.3
17082,2,165.8
17083,1,165.6
17084,2,152.9
17085,1,164.1
17086,1,159.7
17087,2,151.7
17088,1,167
17089,1,174.5
17090,1,172.3
17091,2,155.7
17092,1,162.1
17093,1,168
17094,2,160.2
17095,2,148.2
17096,1,176.3
17097,2,166.2
17098,1,170.4
17099,2,155.8
17100,2,154
17101,2,154.7
17102,2,160
17103,1,174.1
17104,2,160.7
17105,1,166.4
17106,1,170.3
17107,2,161.1
17108,2,152.1
17109,1,175.1
17110,2,157.2
17111,1,172.5
17112,2,159.1
17113,2,158.1
17114,1,176.7
17115,2,165.1
17116,2,145.1
17117,1,172
17118,2,157
17119,1,164.1
17120,2,158.7
17121,1,161.1
17122,2,161.5
17123,2,161.4
17124,2,162
17125,2,168.4
17126,1,178
17127,1,163
17128,2,153
17129,1,164.4
17130,2,160
17131,1,174
17132,2,153
17133,2,171
17134,2,163.2
17135,1,167.5
17136,2,149.2
17137,1,167.5
17138,2,142.2
17139,2,147
17140,1,174.1
17141,2,159.3
17142,1,164.8
17143,2,158.7
17144,1,173
17145,2,160.6
17146,1,170.3
17147,2,169
17148,1,168
17149,2,160.8
17150,1,182
17151,2,157
17152,1,168.3
17153,2,159.3
17154,1,177.5
17155,2,149.5
17156,1,165.4
17157,2,157.4
17158,1,162.8
17159,2,152.4
17160,2,157.1
17161,2,161
17162,1,180.5
17163,2,160.2
17164,1,170
17165,2,158.2
17166,1,177
17167,2,157.6
17168,1,162.8
17169,2,154.2
17170,1,178.5
17171,2,164.7
17172,1,175.8
17173,2,141.9
17174,1,178.2
17175,2,158.3
17176,2,164.6
17177,1,188.2
17178,2,164.4
17179,2,155
17180,1,173.3
17181,2,160.3
17182,1,160.3
17183,2,160.4
17184,1,172.4
17185,2,156.4
17186,2,156.1
17187,2,165.2
17188,2,160.5
17189,1,162.3
17190,2,164.7
17191,2,164.2
17192,1,173.9
17193,2,147.8
17194,1,161.7
17195,2,151.8
17196,2,152.6
17197,2,154.4
17198,2,159.4
17199,1,167
17200,2,150
17201,2,158
17202,1,163.1
17203,2,161.1
17204,2,165
17205,2,162.7
17206,1,170.4
17207,2,156.7
17208,2,152.1
17209,1,165.8
17210,2,155
17211,1,160
17212,2,155
17213,1,158.2
17214,1,167.2
17215,2,155
17216,2,155
17217,1,167.5
17218,2,148.9
17219,1,168.2
17220,2,161.1
17221,1,177.5
17222,2,151.7
17223,1,177.5
17224,1,162.2
17225,2,158.9
17226,2,160
17227,1,164.6
17228,2,161.6
17229,2,150.9
17230,1,169
17231,2,153.7
17232,2,158
17233,1,168.1
17234,2,168
17235,2,158
17236,2,162.5
17237,2,144.5
17238,1,175.5
17239,2,165.1
17240,1,154.5
17241,2,152.4
17242,1,164.7
17243,2,158.7
17244,2,153.6
17245,1,168.5
17246,2,152.7
17247,2,142.8
17248,1,161.5
17249,2,152.2
17250,2,152.5
17251,1,163.7
17252,2,152.3
17253,1,167
17254,2,158.2
17255,2,155
17256,1,167.7
17257,2,158.3
17258,2,160.5
17259,2,149.4
17260,1,167.6
17261,2,152.3
17262,2,155.6
17263,1,169
17264,2,149.6
17265,1,174.2
17266,2,145.7
17267,2,153.4
17268,2,143.2
17269,1,161.3
17270,2,152.1
17271,2,148.3
17272,1,166.4
17273,2,157.1
17274,1,164.8
17275,2,152.8
17276,2,143.6
17277,1,168
17278,1,175
17279,1,173.3
17280,1,161
17281,2,150.7
17282,1,179.2
17283,2,167
17284,2,156.9
17285,1,168.1
17286,2,162.5
17287,2,157.6
17288,1,156
17289,2,152
17290,1,172.8
17291,2,159.5
17292,1,165
17293,1,166.3
17294,2,159
17295,1,172
17296,2,148.6
17297,1,176.1
17298,1,176.8
17299,2,161.2
17300,2,162.7
17301,1,177
17302,2,153.2
17303,2,160.5
17304,1,166.5
17305,2,159.6
17306,1,171.5
17307,2,157.6
17308,1,175
17309,2,170.5
17310,1,168.2
17311,2,158.3
17312,1,172.5
17313,2,165.8
17314,1,174.2
17315,2,161.3
17316,1,169.7
17317,2,155
17318,1,166.6
17319,2,152.5
17320,2,155.6
17321,1,164.4
17322,2,154.9
17323,1,183.4
17324,2,163
17325,2,172.6
17326,2,157.6
17327,1,164
17328,2,156.6
17329,1,168.4
17330,2,156.8
17331,1,173.3
17332,1,162.8
17333,1,169.4
17334,2,160.6
17335,1,172.8
17336,2,159
17337,1,176.3
17338,1,185.2
17339,2,159.3
17340,1,168.8
17341,2,155.6
17342,1,163.4
17343,2,161.7
17344,1,163
17345,2,168.2
17346,1,177.4
17347,1,173.7
17348,2,161.3
17349,2,165.9
17350,1,167.9
17351,2,154.6
17352,1,168.1
17353,2,159.5
17354,2,165.2
17355,1,178
17356,1,185
17357,1,153.5
17358,1,173.5
17359,2,149.7
17360,2,157.5
17361,1,180
17362,1,183.5
17363,1,169.5
17364,1,159.5
17365,2,156.7
17366,1,173.1
17367,2,158.3
17368,1,175.7
17369,2,152.9
17370,2,158.3
17371,1,173
17372,2,145.9
17373,1,163.6
17374,2,155.7
17375,2,153.3
17376,1,172.6
17377,2,156.5
17378,1,174.2
17379,2,154.9
17380,1,171.4
17381,2,148.6
17382,1,168.4
17383,2,164.6
17384,1,171.6
17385,2,162.8
17386,1,167.7
17387,2,163.2
17388,2,161.5
17389,1,169.9
17390,2,162.5
17391,1,158
17392,2,158.1
17393,2,152.5
17394,1,167.1
17395,2,158.5
17396,2,158.1
17397,1,161.5
17398,2,152.4
17399,1,154.1
17400,2,147.1
17401,1,150.8
17402,2,150.6
17403,1,168.1
17404,2,159.3
17405,1,165
17406,2,144.5
17407,1,161.5
17408,2,150.6
17409,1,164.8
17410,2,147.5
17411,1,171.7
17412,2,154.4
17413,2,158
17414,2,148.2
17415,1,157.9
17416,2,152.2
17417,1,161.4
17418,2,150.8
17419,1,164.6
17420,2,158
17421,2,164
17422,1,177.1
17423,2,164
17424,1,176.7
17425,2,154.2
17426,1,164.6
17427,1,156.8
17428,2,168.4
17429,2,158
17430,2,155.7
17431,1,174.5
17432,2,158.6
17433,1,175.2
17434,2,157.6
17435,2,157.3
17436,1,169.2
17437,1,181.1
17438,2,156.3
17439,2,161.2
17440,2,164.9
17441,1,169.4
17442,2,156.8
17443,2,148.6
17444,1,178
17445,2,149.2
17446,1,171.6
17447,2,160.6
17448,2,164.7
17449,1,177.2
17450,1,170
17451,2,158.8
17452,2,151.5
17453,1,171
17454,2,162
17455,2,159
17456,1,164
17457,2,158.9
17458,2,154.8
17459,1,160.2
17460,1,179
17461,2,159.5
17462,2,167
17463,1,169.3
17464,2,153.6
17465,2,145.7
17466,2,153
17467,2,153.4
17468,1,177.3
17469,1,175.6
17470,2,158.1
17471,2,157
17472,2,158
17473,1,177.1
17474,2,149.1
17475,1,171
17476,2,167.4
17477,1,179.9
17478,1,163.6
17479,2,157.6
17480,1,170.4
17481,2,154.7
17482,2,146.7
17483,2,167.8
17484,1,166
17485,2,161.7
17486,2,156.6
17487,1,172.1
17488,2,157.7
17489,2,148.7
17490,1,171.6
17491,2,158.4
17492,1,176
17493,2,156.7
17494,1,172.4
17495,2,167.6
17496,1,171.6
17497,2,160.9
17498,2,152.3
17499,1,154.8
17500,2,150.4
17501,1,177.6
17502,2,154.6
17503,1,162.9
17504,2,162.4
17505,2,161.7
17506,1,160.2
17507,2,156.9
17508,1,158.9
17509,1,168.4
17510,2,152.6
17511,1,163.4
17512,2,151.5
17513,2,152.6
17514,1,164.2
17515,2,158.9
17516,1,172.3
17517,2,161.3
17518,1,171.2
17519,1,164.7
17520,2,155.7
17521,2,157.2
17522,2,158.4
17523,2,154
17524,2,151.8
17525,1,172.9
17526,2,157.1
17527,1,169.4
17528,2,160.4
17529,1,162.9
17530,2,158.6
17531,1,164.9
17532,1,169.8
17533,2,167.3
17534,1,155.8
17535,2,157
17536,2,158.4
17537,1,165.9
17538,2,159.2
17539,2,143.4
17540,1,176.3
17541,2,152.6
17542,2,167.9
17543,2,158.4
17544,2,156.9
17545,2,167.6
17546,1,171.2
17547,2,163.3
17548,1,165.9
17549,2,160.4
17550,2,156.1
17551,2,145.2
17552,1,161.5
17553,1,165.1
17554,2,145.3
17555,1,165.1
17556,2,153.6
17557,2,149.3
17558,1,151.4
17559,2,154.5
17560,1,175.1
17561,2,151.8
17562,1,163.1
17563,2,154.7
17564,2,149.7
17565,1,164.7
17566,2,158.1
17567,2,145.1
17568,1,170.8
17569,2,153.1
17570,1,170.5
17571,2,153.3
17572,2,151.9
17573,1,167.4
17574,2,156.2
17575,2,161
17576,2,153.7
17577,1,162.2
17578,2,154.5
17579,1,161.9
17580,2,162.8
17581,1,172.3
17582,2,156.2
17583,1,172.9
17584,2,161.9
17585,2,152.4
17586,1,182.8
17587,2,153.8
17588,2,161.8
17589,1,174.9
17590,2,161.6
17591,1,171.5
17592,2,160
17593,2,164.6
17594,2,163
17595,1,178.3
17596,2,155.6
17597,1,177.2
17598,2,172
17599,1,170.2
17600,2,158.3
17601,1,178.8
17602,2,162
17603,1,178
17604,2,159.3
17605,1,172
17606,2,153
17607,1,166.8
17608,2,161.8
17609,1,171.4
17610,1,164.3
17611,2,159.5
17612,1,165.5
17613,2,162.8
17614,2,162
17615,1,169.3
17616,2,158.8
17617,2,161.6
17618,1,173.1
17619,2,165.2
17620,2,170.7
17621,1,174
17622,2,157.5
17623,1,170.3
17624,1,167.5
17625,2,157.3
17626,1,176
17627,2,147.3
17628,2,153.7
17629,1,170.7
17630,2,152.7
17631,2,156.7
17632,1,171
17633,2,160
17634,1,162.6
17635,2,151.1
17636,1,168.2
17637,2,164.7
17638,1,168.9
17639,2,161
17640,1,167.3
17641,2,156
17642,2,165.1
17643,2,167
17644,2,151.6
17645,1,164.6
17646,2,155.3
17647,2,165.6
17648,1,166
17649,2,157.6
17650,1,160.3
17651,2,155.6
17652,1,169.1
17653,2,154.6
17654,2,159.6
17655,1,159.9
17656,2,163.4
17657,1,169.5
17658,2,149.6
17659,2,160.7
17660,2,157
17661,1,171
17662,2,158.6
17663,1,176.6
17664,2,151.6
17665,2,161.2
17666,1,175.6
17667,2,157.6
17668,1,164.3
17669,2,160.5
17670,2,155.5
17671,1,160.6
17672,1,165.7
17673,2,152.1
17674,1,171.6
17675,2,161.6
17676,1,168.9
17677,1,164.5
17678,2,155.3
17679,1,158.1
17680,2,150.5
17681,2,157.5
17682,2,163
17683,2,143.3
17684,1,161.1
17685,1,178.9
17686,2,154.6
17687,1,174.5
17688,2,151.2
17689,1,165.1
17690,2,160.4
17691,2,159.5
17692,1,178
17693,1,170.3
17694,2,163.2
17695,1,184.7
17696,2,153
17697,2,149.4
17698,1,163.5
17699,2,154.9
17700,1,177.4
17701,2,163.1
17702,1,171.1
17703,2,161.4
17704,1,176.3
17705,2,162.3
17706,2,162.9
17707,1,178
17708,2,155.4
17709,1,167.1
17710,2,151.6
17711,2,156
17712,1,166.5
17713,1,164.7
17714,2,156
17715,1,176.3
17716,2,157.7
17717,1,160.9
17718,2,153.1
17719,2,156.9
17720,1,174.1
17721,1,164
17722,2,163.4
17723,1,168.8
17724,2,154.2
17725,2,150.2
17726,1,160.9
17727,2,152.6
17728,2,147
17729,2,147.9
17730,2,160.3
17731,1,176.7
17732,1,166
17733,2,153.6
17734,1,163
17735,1,161
17736,1,167.3
17737,2,163.1
17738,1,160.3
17739,2,155.9
17740,1,170.9
17741,2,142.2
17742,1,175.8
17743,2,156.4
17744,1,171.9
17745,2,144.5
17746,2,158.6
17747,1,161.5
17748,2,158.6
17749,2,155.4
17750,1,176.5
17751,2,160.7
17752,2,149.2
17753,2,163.4
17754,1,166.6
17755,2,152.3
17756,1,178.5
17757,2,160.2
17758,1,159.4
17759,2,160.2
17760,1,172.9
17761,2,158.9
17762,2,163.4
17763,1,162.5
17764,2,161.6
17765,1,172.9
17766,1,171
17767,1,159.9
17768,2,146.4
17769,1,162.9
17770,2,155.4
17771,1,168.7
17772,1,175.6
17773,1,166.9
17774,2,161.2
17775,2,149.4
17776,1,166.9
17777,2,156.3
17778,2,160
17779,2,163.6
17780,1,164.5
17781,2,153.9
17782,2,153.1
17783,1,172.9
17784,2,165.1
17785,1,167.4
17786,2,157.2
17787,1,169.1
17788,2,161.2
17789,1,160.4
17790,2,158.7
17791,2,153.7
17792,1,169.2
17793,2,158.2
17794,1,168.4
17795,2,157.8
17796,1,170.5
17797,2,161.4
17798,2,163.2
17799,1,162.5
17800,2,154.6
17801,2,166.1
17802,1,184.3
17803,1,160.6
17804,2,153.3
17805,1,164.9
17806,2,154.4
17807,2,162.9
17808,1,171.7
17809,2,153.4
17810,2,159.9
17811,2,162.3
17812,1,175.2
17813,2,153.4
17814,1,166.6
17815,2,150.6
17816,2,153.2
17817,2,163.7
17818,1,182
17819,2,164
17820,2,153.1
17821,1,164.4
17822,1,164.9
17823,2,153.6
17824,1,169.5
17825,2,158.6
17826,1,176.4
17827,2,164.2
17828,1,168.7
17829,2,155.4
17830,1,168.4
17831,2,159
17832,2,164.1
17833,2,152.7
17834,2,148
17835,1,165.2
17836,2,154.9
17837,2,156
17838,1,178
17839,2,159
17840,2,155.4
17841,1,177.1
17842,2,158.3
17843,2,144.9
17844,1,163.8
17845,2,161
17846,2,157.7
17847,1,173.8
17848,1,166.5
17849,2,152.6
17850,1,148.8
17851,1,167.8
17852,1,163.4
17853,1,164
17854,1,168.7
17855,2,161.4
17856,1,169.7
17857,2,170.3
17858,1,174.9
17859,2,156.1
17860,2,153.2
17861,1,177
17862,2,169
17863,2,145.1
17864,2,157.2
17865,2,145.7
17866,1,173.7
17867,2,143.9
17868,2,155.5
17869,2,156.9
17870,2,154
17871,1,162.4
17872,2,140.3
17873,1,168.1
17874,1,180.7
17875,2,159.3
17876,1,157.1
17877,2,151.5
17878,1,174.2
17879,2,160.7
17880,1,169.7
17881,1,171.9
17882,2,157.9
17883,1,170.2
17884,2,157
17885,2,155.4
17886,1,179.5
17887,2,162.2
17888,1,176.6
17889,2,149.4
17890,1,179.6
17891,2,163.3
17892,1,168.4
17893,2,157.2
17894,2,158.8
17895,1,171.1
17896,2,158.3
17897,1,167.5
17898,2,151.3
17899,1,162.2
17900,2,156.4
17901,2,163.9
17902,1,174.1
17903,1,168.5
17904,2,159.6
17905,1,169.6
17906,2,166.7
17907,2,152.5
17908,1,168.6
17909,2,166.2
17910,1,177.5
17911,2,159.5
17912,1,181.1
17913,2,163
17914,1,163.6
17915,1,175.1
17916,2,171.3
17917,1,170.2
17918,2,159.1
17919,1,166.6
17920,2,156.6
17921,2,160.9
17922,1,170.3
17923,2,166.3
17924,2,158
17925,2,163.4
17926,1,167.2
17927,2,158.6
17928,1,186.7
17929,2,154.2
17930,2,161.6
17931,2,154.5
17932,1,168.3
17933,2,162.6
17934,1,179.8
17935,2,167
17936,1,170.2
17937,2,157.6
17938,1,163
17939,2,157.1
17940,1,167.9
17941,2,165.8
17942,1,171.5
17943,1,168.5
17944,2,162.2
17945,1,162.7
17946,2,155.7
17947,1,163.2
17948,1,155.4
17949,2,153.6
17950,2,152.1
17951,2,163.6
17952,2,153.7
17953,2,170.2
17954,2,171.5
17955,2,164.9
17956,2,161.5
17957,2,156.4
17958,2,160.3
17959,1,165.6
17960,2,153
17961,1,166.5
17962,2,151.9
17963,2,147.5
17964,1,170.3
17965,2,156.4
17966,2,160.3
17967,1,178.4
17968,2,161.8
17969,2,163.5
17970,1,166.2
17971,2,159.9
17972,1,172.7
17973,2,155.4
17974,1,167.7
17975,2,159.8
17976,1,179.9
17977,1,173.4
17978,2,157.2
17979,2,153.9
17980,1,168.3
17981,2,154.1
17982,1,171.7
17983,2,160.5
17984,2,159
17985,1,171.3
17986,2,152.9
17987,1,173.9
17988,2,163.8
17989,1,173.9
17990,2,158.3
17991,1,174.6
17992,2,166.2
17993,2,158.1
17994,2,162.1
17995,2,155.9
17996,2,157.1
17997,2,148.9
17998,2,149.4
17999,2,151
18000,1,177.2
18001,2,153.5
18002,1,166.2
18003,2,151
18004,1,168.7
18005,1,162.5
18006,2,153.2
18007,2,153.4
18008,1,172.3
18009,2,160.1
18010,2,156.4
18011,2,156.7
18012,1,168.5
18013,1,176.7
18014,1,170.3
18015,2,157.9
18016,1,171
18017,2,142.1
18018,2,159.9
18019,1,169.1
18020,2,159
18021,2,159
18022,2,168.1
18023,1,164.6
18024,2,158.7
18025,1,178.6
18026,2,161.2
18027,2,149.9
18028,2,156.3
18029,1,170
18030,1,169.4
18031,2,148.3
18032,1,175.8
18033,2,158.2
18034,1,180.5
18035,2,162.9
18036,1,164.2
18037,2,158.8
18038,2,155
18039,1,177.2
18040,2,161.1
18041,1,172.7
18042,2,150.6
18043,2,162
18044,1,165.9
18045,1,177.4
18046,2,171.7
18047,2,158.6
18048,2,158.2
18049,1,166.2
18050,1,166
18051,1,167.2
18052,2,160.1
18053,2,154.2
18054,1,168.1
18055,2,160.2
18056,2,167.5
18057,1,169.9
18058,1,161.3
18059,2,157.4
18060,1,178.4
18061,2,164.5
18062,1,165.4
18063,2,159
18064,2,162.4
18065,2,158.7
18066,1,177.7
18067,2,150.2
18068,2,152.6
18069,2,157.4
18070,2,158.1
18071,1,162.9
18072,2,154.3
18073,2,141.8
18074,1,162.3
18075,2,159.8
18076,2,160
18077,2,149.4
18078,1,164.5
18079,2,162.5
18080,2,154.3
18081,2,158.7
18082,1,173.3
18083,2,155
18084,1,166.6
18085,1,159.1
18086,2,156.6
18087,2,153.8
18088,2,152.6
18089,1,169.7
18090,2,160.5
18091,2,170.1
18092,1,160.5
18093,2,161.3
18094,1,168.9
18095,2,159.2
18096,1,171.9
18097,2,159.9
18098,1,170.6
18099,2,154
18100,2,154.5
18101,1,184.5
18102,2,153.1
18103,2,160.8
18104,2,159.7
18105,2,154.1
18106,2,162.9
18107,1,175.8
18108,2,156.3
18109,1,168.5
18110,2,164.1
18111,1,168.4
18112,2,157.6
18113,1,164.4
18114,2,159.3
18115,1,176
18116,2,155.4
18117,1,171.1
18118,2,146.8
18119,1,172.6
18120,2,155.5
18121,2,157
18122,2,160.3
18123,2,156.2
18124,1,173.6
18125,2,155.4
18126,1,156
18127,2,165.9
18128,1,173
18129,2,156.8
18130,1,168
18131,1,170.1
18132,2,160
18133,2,155.7
18134,1,161.3
18135,1,172
18136,2,159.4
18137,2,145.4
18138,1,175.3
18139,1,171.7
18140,2,153.2
18141,1,163
18142,2,153.2
18143,1,171.7
18144,2,158.6
18145,1,167.1
18146,2,161.2
18147,1,163.1
18148,1,172.3
18149,2,154.6
18150,1,169.3
18151,1,165.1
18152,1,169.6
18153,2,158.6
18154,1,169.9
18155,2,160
18156,1,181.9
18157,2,149.1
18158,2,153.9
18159,1,170.8
18160,2,152.5
18161,2,165
18162,2,164
18163,1,173.6
18164,2,164.5
18165,1,157.7
18166,2,159.5
18167,1,174.9
18168,2,157.5
18169,2,155.2
18170,2,151.7
18171,1,160.3
18172,2,166.9
18173,2,153.2
18174,1,173.1
18175,2,160.3
18176,1,181.6
18177,2,160.2
18178,1,168.4
18179,2,153.4
18180,1,172.4
18181,2,155.5
18182,1,182.6
18183,2,147
18184,2,155.1
18185,2,161.4
18186,1,162.9
18187,2,155.3
18188,2,161
18189,1,166.9
18190,2,153.1
18191,2,156.5
18192,2,155.3
18193,1,164.6
18194,2,153.1
18195,2,157.5
18196,2,150.7
18197,1,175.5
18198,2,164.2
18199,2,148.9
18200,2,162.1
18201,1,165.9
18202,2,161.4
18203,1,166.9
18204,2,153.6
18205,1,172.9
18206,2,157.7
18207,1,160.5
18208,2,142.9
18209,2,150.6
18210,2,154.6
18211,2,167.4
18212,1,183.6
18213,1,184.7
18214,2,148
18215,2,158.6
18216,1,170.8
18217,2,154
18218,1,170.6
18219,2,156
18220,2,145.4
18221,2,147.4
18222,2,158
18223,2,148.3
18224,2,155.4
18225,1,178.9
18226,1,165.5
18227,1,155.9
18228,1,164.5
18229,2,156
18230,2,157.4
18231,2,153
18232,2,155.7
18233,2,154.9
18234,1,162.7
18235,1,172.5
18236,2,160.7
18237,1,177
18238,2,166.3
18239,1,164.5
18240,2,151.5
18241,2,151.1
18242,2,161.8
18243,1,169
18244,2,158.3
18245,1,170.2
18246,2,157.5
18247,1,164.6
18248,2,160.4
18249,1,172.4
18250,2,158.7
18251,1,170.2
18252,2,155.8
18253,2,165.3
18254,2,162.1
18255,2,159.7
18256,2,158.9
18257,1,158.2
18258,2,149.1
18259,1,174.2
18260,2,168.8
18261,2,156.2
18262,1,183.9
18263,1,170.5
18264,2,160.4
18265,2,155
18266,1,182.3
18267,2,166.1
18268,1,165.3
18269,2,159.5
18270,1,174.4
18271,2,162
18272,2,158.4
18273,1,170.8
18274,2,155
18275,1,181
18276,2,154.4
18277,2,155.8
18278,2,164
18279,1,165.7
18280,2,163.8
18281,2,153.1
18282,1,178.8
18283,2,166.5
18284,2,163.6
18285,2,165.6
18286,1,158.5
18287,2,146.3
18288,1,170.4
18289,2,156
18290,2,148.8
18291,2,153.7
18292,2,170.4
18293,2,146.9
18294,1,160.8
18295,1,160.9
18296,2,149.5
18297,1,163
18298,2,155.1
18299,1,181.6
18300,1,164.8
18301,2,150.5
18302,1,171.1
18303,2,161.7
18304,1,176
18305,1,162.1
18306,2,155.3
18307,2,166.1
18308,2,152.1
18309,1,155.9
18310,2,153.8
18311,2,152.9
18312,1,174.4
18313,1,181.2
18314,1,170.1
18315,2,162.1
18316,2,159.1
18317,1,163.1
18318,2,157.2
18319,2,158
18320,2,150.1
18321,1,158.9
18322,2,161.1
18323,2,152.6
18324,1,168.5
18325,1,173.6
18326,2,149.2
18327,1,164.1
18328,2,154.9
18329,2,158.2
18330,1,148.3
18331,2,146.6
18332,1,165.3
18333,2,164.7
18334,1,179.7
18335,2,162.5
18336,2,156
18337,2,155.4
18338,1,167
18339,2,144.4
18340,1,160.6
18341,2,156.3
18342,2,160.5
18343,1,178.5
18344,2,152.2
18345,2,148.5
18346,2,163
18347,1,177.2
18348,2,163.5
18349,1,169.6
18350,2,155.4
18351,2,160.4
18352,1,165.2
18353,2,156
18354,2,146.9
18355,1,176.7
18356,2,153.9
18357,2,163
18358,1,158.8
18359,2,175
18360,2,164.4
18361,1,169
18362,2,153
18363,2,163.9
18364,2,160.3
18365,1,160.8
18366,2,149.5
18367,1,175.4
18368,1,165.5
18369,2,158.7
18370,1,174
18371,2,158.9
18372,2,163.3
18373,1,165.5
18374,2,159.8
18375,2,164
18376,1,179.6
18377,1,170
18378,2,164
18379,1,164.2
18380,2,161.3
18381,1,175.5
18382,2,165.4
18383,1,173.9
18384,2,162
18385,2,154
18386,1,157.3
18387,2,149
18388,1,168.7
18389,2,153.5
18390,2,161.2
18391,2,149.6
18392,2,156
18393,2,165.5
18394,1,161.2
18395,2,158.6
18396,2,162.7
18397,1,176.8
18398,2,164.6
18399,1,170.6
18400,2,153.8
18401,1,162.6
18402,2,148
18403,1,168.1
18404,1,172.5
18405,2,158.7
18406,1,176.6
18407,2,148.2
18408,1,176.8
18409,2,164.2
18410,2,164
18411,1,165.9
18412,2,159.2
18413,1,163.5
18414,2,150.9
18415,1,172.5
18416,2,151.4
18417,2,163.4
18418,2,157.8
18419,1,164.6
18420,1,164.3
18421,2,155.6
18422,1,177
18423,2,168.9
18424,1,176.7
18425,1,183.4
18426,1,166.5
18427,2,157.5
18428,1,168.5
18429,1,166.1
18430,2,157.2
18431,1,172.2
18432,2,154.8
18433,2,154
18434,2,152.6
18435,1,169
18436,2,153.1
18437,2,149
18438,1,174.2
18439,2,156.8
18440,1,164
18441,2,154.2
18442,2,140.5
18443,1,160.2
18444,2,155.6
18445,1,158.8
18446,2,141
18447,1,169.9
18448,2,153.3
18449,1,158.7
18450,2,162.8
18451,1,163.2
18452,2,147.6
18453,1,161.9
18454,2,156.8
18455,1,161.9
18456,2,145.9
18457,2,159.4
18458,2,148
18459,1,159.3
18460,1,163.4
18461,2,151.4
18462,1,162.4
18463,2,151.3
18464,1,163.1
18465,2,160.8
18466,2,158.1
18467,1,175.9
18468,2,167.3
18469,1,166.8
18470,2,164.1
18471,1,175.6
18472,2,156.8
18473,1,180.4
18474,2,153.6
18475,2,157.1
18476,1,170.3
18477,2,155.5
18478,2,162.3
18479,2,158.5
18480,2,155.8
18481,1,174.8
18482,1,180.7
18483,2,158.4
18484,1,169.1
18485,2,161.9
18486,1,166.3
18487,2,150.2
18488,2,162.6
18489,1,168.7
18490,2,164.6
18491,1,169.3
18492,2,168.4
18493,1,170.1
18494,2,154.9
18495,1,164.8
18496,2,163.2
18497,1,161.4
18498,2,156.3
18499,1,183
18500,1,166.4
18501,2,165.1
18502,1,163.3
18503,2,166.4
18504,1,170
18505,2,159.3
18506,1,158.7
18507,2,155.2
18508,1,171.8
18509,2,156.2
18510,2,159.2
18511,1,177.8
18512,2,159
18513,2,163.4
18514,2,169.8
18515,2,146.2
18516,2,149
18517,1,167.4
18518,2,161.5
18519,1,167.8
18520,2,156.9
18521,2,163.8
18522,2,151.3
18523,1,165.4
18524,2,160.6
18525,1,154.5
18526,2,161.5
18527,1,164
18528,1,164.1
18529,2,155.7
18530,2,157
18531,1,173.6
18532,2,168.6
18533,1,183.5
18534,2,156.3
18535,2,155.3
18536,2,149
18537,1,168.8
18538,2,155.2
18539,2,154.1
18540,1,167.1
18541,2,156.2
18542,1,172.7
18543,1,161.5
18544,2,148.1
18545,1,162.4
18546,2,152.4
18547,1,178.2
18548,2,161.3
18549,1,175.1
18550,1,166.7
18551,2,159
18552,2,150.6
18553,1,165.9
18554,1,169
18555,2,152.4
18556,1,171
18557,2,153
18558,1,159.6
18559,2,153.6
18560,1,170
18561,2,161.1
18562,1,164.7
18563,2,158.4
18564,1,173.7
18565,2,163.5
18566,1,171
18567,2,153.8
18568,1,173.7
18569,1,166.7
18570,2,166.9
18571,1,170.9
18572,2,170
18573,2,164.2
18574,1,183.4
18575,2,157.8
18576,1,176.7
18577,2,161
18578,2,162.4
18579,1,165
18580,2,156.1
18581,1,169
18582,2,157.8
18583,1,178
18584,2,164.5
18585,1,168.4
18586,2,151.9
18587,1,175
18588,2,147.7
18589,1,170
18590,2,162
18591,2,160.1
18592,2,161.8
18593,1,174.5
18594,2,168.4
18595,2,161
18596,1,186.6
18597,2,164.5
18598,1,175
18599,2,161
18600,1,164.3
18601,2,154.3
18602,2,155.5
18603,1,167.4
18604,2,155
18605,1,167.7
18606,2,154.4
18607,1,174.6
18608,2,164.7
18609,2,161.2
18610,2,161.8
18611,1,177
18612,2,151
18613,1,177.9
18614,2,158.3
18615,2,154.4
18616,1,167.8
18617,2,159.6
18618,1,167.8
18619,2,152.3
18620,1,170.9
18621,2,158.2
18622,1,170.6
18623,2,159.2
18624,1,164.2
18625,2,157.9
18626,1,170.6
18627,2,152.7
18628,1,162.7
18629,2,155.5
18630,2,160.3
18631,2,160.2
18632,1,161.4
18633,1,182.3
18634,2,157.9
18635,2,152.2
18636,2,159.7
18637,1,162.8
18638,2,154.8
18639,1,166.9
18640,2,159.1
18641,2,145.6
18642,1,167.9
18643,2,158
18644,2,147.9
18645,1,160.4
18646,2,157.1
18647,2,149.3
18648,1,169.1
18649,2,145.2
18650,1,169.7
18651,2,155.4
18652,2,160.1
18653,1,164
18654,1,159.9
18655,2,159.1
18656,1,168.7
18657,1,172.6
18658,1,169.6
18659,2,150.8
18660,1,171.4
18661,2,162
18662,2,163.4
18663,2,146.2
18664,2,154.4
18665,1,174.8
18666,2,158.9
18667,2,150.4
18668,1,171.4
18669,1,150.8
18670,2,150.1
18671,2,152
18672,1,177.7
18673,2,163.1
18674,2,150.9
18675,1,180.4
18676,2,159.1
18677,1,164.2
18678,2,154
18679,1,175
18680,2,145.1
18681,2,167
18682,1,162
18683,2,150.4
18684,2,160
18685,2,159.7
18686,2,166.6
18687,1,178.2
18688,2,159.1
18689,1,174
18690,2,153.9
18691,1,172.2
18692,2,152.2
18693,1,171.5
18694,2,163.5
18695,1,171.5
18696,2,154.5
18697,1,168
18698,2,162.1
18699,1,169.5
18700,2,153.1
18701,2,153.3
18702,2,159.2
18703,2,159
18704,2,156.4
18705,1,168
18706,2,161
18707,2,162
18708,1,170
18709,2,159.5
18710,1,177
18711,2,165.5
18712,2,158.7
18713,2,151.2
18714,1,170.4
18715,1,161.1
18716,2,157.7
18717,2,155.5
18718,1,163.7
18719,2,155
18720,2,155.3
18721,2,150.7
18722,1,167.8
18723,2,158
18724,1,176
18725,2,160.8
18726,1,180.3
18727,1,163.2
18728,2,150.2
18729,1,165.6
18730,2,154.1
18731,1,169.6
18732,2,159.1
18733,1,172.4
18734,1,175.8
18735,1,176.1
18736,1,161.6
18737,2,152.3
18738,1,166.8
18739,1,172.9
18740,2,166.6
18741,1,190.3
18742,2,159.6
18743,1,167.3
18744,2,160
18745,1,170.4
18746,2,154.2
18747,1,167.7
18748,2,154.9
18749,2,166.8
18750,1,171.5
18751,1,178
18752,2,162.4
18753,2,153.9
18754,1,171.1
18755,2,146.9
18756,1,165
18757,2,156.8
18758,1,171.4
18759,2,160
18760,1,162.5
18761,2,154.7
18762,1,165.1
18763,2,158.9
18764,1,189
18765,2,161.8
18766,1,171.6
18767,2,161.3
18768,2,155.4
18769,1,175.4
18770,2,162.9
18771,2,157.9
18772,1,174.6
18773,2,160.2
18774,2,153.2
18775,1,177.4
18776,2,155.7
18777,2,153.6
18778,2,152.1
18779,1,176.6
18780,2,161.6
18781,1,176.7
18782,2,156.4
18783,1,170.5
18784,2,151.6
18785,2,160.9
18786,1,165.5
18787,2,160.7
18788,2,162.8
18789,1,172.6
18790,2,157.1
18791,1,181.9
18792,1,171.5
18793,2,160.6
18794,1,163.4
18795,2,156.7
18796,1,160.5
18797,2,160.8
18798,1,166.9
18799,1,167.8
18800,2,156.3
18801,1,173.3
18802,2,159.3
18803,1,164.5
18804,2,161.6
18805,1,167.1
18806,2,148.7
18807,2,154.9
18808,1,169.1
18809,1,182.7
18810,2,157.2
18811,2,160.1
18812,1,178
18813,2,161.7
18814,1,162.5
18815,2,157.8
18816,2,154.2
18817,1,166.8
18818,2,155.6
18819,1,175.9
18820,1,165.1
18821,2,160
18822,1,160.1
18823,2,155.8
18824,1,174.4
18825,2,160.4
18826,2,162.1
18827,1,171
18828,2,163.9
18829,1,169.6
18830,2,157.1
18831,2,160.5
18832,1,164.5
18833,2,151.8
18834,1,165
18835,1,171.1
18836,2,167.7
18837,1,165.4
18838,2,163
18839,2,157.9
18840,1,168
18841,2,162.3
18842,2,159.9
18843,1,165.6
18844,2,158.9
18845,1,171.2
18846,2,147
18847,2,151.5
18848,1,180.3
18849,1,160.3
18850,2,147.3
18851,1,159.9
18852,2,148.6
18853,2,149.1
18854,1,165.8
18855,2,159.9
18856,2,162.8
18857,2,167.9
18858,1,165.1
18859,1,168.1
18860,1,165.2
18861,1,168.5
18862,2,159
18863,1,163.8
18864,2,155.8
18865,2,148.7
18866,1,177.7
18867,2,162.2
18868,1,179.5
18869,2,159.1
18870,2,143.7
18871,1,170.7
18872,2,153.6
18873,2,159.9
18874,2,167.9
18875,2,159.4
18876,1,173.2
18877,2,157.6
18878,1,169
18879,2,154.5
18880,2,161.8
18881,2,154.9
18882,1,176.1
18883,2,156.5
18884,1,162.4
18885,2,164.9
18886,1,172.7
18887,2,157.7
18888,2,165.5
18889,2,160.8
18890,2,159
18891,1,179.1
18892,2,160.9
18893,2,151
18894,2,160.9
18895,1,165.1
18896,2,153.6
18897,1,170.6
18898,2,158
18899,1,166.4
18900,2,158.5
18901,2,154.5
18902,1,169.2
18903,2,159
18904,1,176.8
18905,2,167.7
18906,2,150.5
18907,2,157.9
18908,1,175.7
18909,1,173
18910,2,153.1
18911,1,167.9
18912,2,154.6
18913,1,165.8
18914,2,158.5
18915,1,168.7
18916,2,158
18917,2,164.5
18918,2,157.8
18919,1,161
18920,2,158
18921,1,167.3
18922,1,176.5
18923,1,166
18924,2,152.9
18925,1,181.1
18926,2,159.5
18927,1,167.9
18928,1,169
18929,2,163.2
18930,2,146.1
18931,1,158.8
18932,2,152.4
18933,2,147
18934,2,170.8
18935,2,157.5
18936,2,148.4
18937,1,163.8
18938,1,168
18939,2,151.5
18940,2,153.7
18941,2,163
18942,2,160.6
18943,1,176.5
18944,1,165.8
18945,2,156.5
18946,1,160.4
18947,2,157.2
18948,1,180.9
18949,2,158.6
18950,1,175.7
18951,1,167.4
18952,2,156.6
18953,2,152.3
18954,1,169.6
18955,2,149.9
18956,2,171.5
18957,1,146.4
18958,2,159.8
18959,2,153.1
18960,1,167
18961,2,152.2
18962,1,178.6
18963,2,163.2
18964,2,165
18965,2,159.7
18966,1,176.2
18967,2,160.5
18968,1,171.8
18969,2,161.1
18970,2,153.7
18971,1,172.5
18972,2,154.3
18973,1,171.1
18974,2,157.9
18975,1,178.4
18976,2,156.2
18977,2,162.7
18978,1,176.6
18979,2,155.5
18980,1,175.7
18981,2,170
18982,2,163.7
18983,1,158.1
18984,2,141.5
18985,1,174.8
18986,2,156.2
18987,1,164.8
18988,2,153.9
18989,2,155.2
18990,2,159.3
18991,1,165.9
18992,2,159.2
18993,1,177.1
18994,1,178.8
18995,2,169.1
18996,2,156.4
18997,1,167
18998,2,154.4
18999,1,169
19000,2,161
19001,1,172
19002,1,173.7
19003,1,166.9
19004,2,153.1
19005,1,180.9
19006,2,156.6
19007,2,158.4
19008,2,161.5
19009,2,155
19010,2,154.2
19011,2,161.5
19012,2,156
19013,2,162.4
19014,1,168.1
19015,2,144.6
19016,2,150.6
19017,2,156.5
19018,2,146.3
19019,1,163
19020,2,146.6
19021,2,153.4
19022,2,150.1
19023,1,160.9
19024,2,158
19025,1,172.9
19026,1,171.1
19027,2,148.1
19028,1,163.7
19029,2,153.2
19030,1,172.5
19031,2,154.5
19032,1,160
19033,2,155
19034,2,163.5
19035,2,159.2
19036,2,157.4
19037,1,164.2
19038,2,157.3
19039,2,168.3
19040,1,179.3
19041,2,163.3
19042,1,170.2
19043,2,154.6
19044,2,157.7
19045,1,178.1
19046,1,170.4
19047,2,159.5
19048,2,157
19049,1,177.7
19050,2,157.2
19051,1,181
19052,2,168.1
19053,2,158.2
19054,1,171.4
19055,2,155.4
19056,1,157.3
19057,1,163.8
19058,2,153.4
19059,2,156.3
19060,1,169.5
19061,2,149
19062,2,152.9
19063,2,146.6
19064,2,149.4
19065,2,159
19066,2,156.2
19067,2,156.5
19068,1,171.3
19069,1,173.4
19070,2,157.2
19071,1,170
19072,2,148.5
19073,2,156.5
19074,1,174.8
19075,2,153.2
19076,1,175.6
19077,1,163.2
19078,2,158.6
19079,2,160.1
19080,2,153.2
19081,2,170.1
19082,1,172.5
19083,2,157
19084,2,157.1
19085,2,155.2
19086,1,176.3
19087,2,156.6
19088,2,150.3
19089,1,182
19090,2,170.6
19091,1,176.5
19092,2,160.9
19093,1,153
19094,2,156.1
19095,2,148
19096,2,153
19097,2,156
19098,1,164
19099,2,149.2
19100,1,168.5
19101,1,179.3
19102,1,165.2
19103,2,158.2
19104,1,160.8
19105,2,151.2
19106,2,153.2
19107,1,173.2
19108,2,155.5
19109,1,158.2
19110,2,154.6
19111,1,174.6
19112,1,168.6
19113,2,159.7
19114,2,163.2
19115,2,154.1
19116,1,174.1
19117,1,170
19118,2,156.6
19119,1,167.5
19120,2,160.1
19121,2,163.6
19122,1,173.6
19123,2,156.5
19124,1,161.1
19125,2,159
19126,1,175
19127,2,160
19128,1,173.3
19129,2,156.8
19130,1,170.7
19131,2,156.8
19132,1,160.3
19133,2,160.2
19134,2,159.1
19135,2,157
19136,1,162.1
19137,2,153.1
19138,2,154.2
19139,1,169.3
19140,2,160.8
19141,2,148.2
19142,1,161.1
19143,2,159.2
19144,1,163.2
19145,2,152.7
19146,1,173.5
19147,1,174.5
19148,2,149.6
19149,2,153.6
19150,2,150.7
19151,1,171
19152,1,162.1
19153,2,144.3
19154,1,167.4
19155,1,168.3
19156,1,163.6
19157,1,167.8
19158,2,156
19159,1,171.2
19160,2,160
19161,1,176.7
19162,1,171.2
19163,1,164.3
19164,2,164.1
19165,2,147.7
19166,1,143.6
19167,1,167.2
19168,2,153.3
19169,2,164.9
19170,2,149.4
19171,1,174.4
19172,2,162.7
19173,2,171.6
19174,2,159.8
19175,2,145.2
19176,2,155.3
19177,1,180.9
19178,2,162.1
19179,1,165.4
19180,1,177.9
19181,1,196
19182,1,159.6
19183,2,158.2
19184,2,160.5
19185,1,173.6
19186,2,158
19187,1,162.5
19188,2,147.1
19189,1,161.3
19190,1,180.2
19191,2,163.8
19192,2,174
19193,2,162.1
19194,2,149.6
19195,2,163.1
19196,2,160.3
19197,1,164.2
19198,2,157
19199,1,169
19200,2,147.5
19201,1,176.5
19202,2,168
19203,1,171.2
19204,2,156
19205,2,156.1
19206,1,178.6
19207,2,155.7
19208,1,163.8
19209,1,180.5
19210,2,160.6
19211,2,157.3
19212,1,159.1
19213,2,157.5
19214,2,156.1
19215,1,176.5
19216,2,172.8
19217,2,168.5
19218,1,175
19219,2,160.7
19220,1,171.2
19221,2,165.6
19222,2,159.3
19223,1,176.1
19224,2,158.9
19225,1,173.8
19226,2,157.4
19227,1,175.4
19228,2,159.3
19229,2,155.9
19230,2,160.3
19231,2,159.3
19232,2,154
19233,2,160.9
19234,2,163.4
19235,1,163.6
19236,2,155.7
19237,1,159.9
19238,2,157.8
19239,1,167.5
19240,2,156.5
19241,1,169.6
19242,1,165.6
19243,2,158.2
19244,1,172.4
19245,2,153.9
19246,1,174.6
19247,2,163
19248,1,169.4
19249,2,158.1
19250,1,168
19251,2,151.6
19252,2,152
19253,2,148.5
19254,1,175.1
19255,2,155.7
19256,2,162.5
19257,1,159.6
19258,2,150.6
19259,1,173.4
19260,2,149.3
19261,1,185.5
19262,2,167.5
19263,2,163.1
19264,1,168.2
19265,1,170.8
19266,2,155.3
19267,1,157.7
19268,2,157.9
19269,2,163.5
19270,2,153.4
19271,1,170.3
19272,2,156.3
19273,1,167.3
19274,2,150.4
19275,1,175.4
19276,2,160.7
19277,1,177.9
19278,2,165.5
19279,1,176.7
19280,2,165.8
19281,1,178.9
19282,2,158.3
19283,2,154.2
19284,2,161.8
19285,1,166.9
19286,2,151.3
19287,1,171
19288,2,155.8
19289,1,167.6
19290,2,169.9
19291,2,165.6
19292,1,186.2
19293,1,186.5
19294,2,154.1
19295,1,168.8
19296,2,166.7
19297,2,164.6
19298,2,153
19299,2,160.7
19300,1,164.4
19301,2,148.1
19302,2,158.5
19303,2,146
19304,2,146.9
19305,1,158
19306,1,173
19307,2,154.8
19308,2,166
19309,1,166.9
19310,2,166.4
19311,1,182.7
19312,2,162.3
19313,2,155.9
19314,2,153.8
19315,2,158.1
19316,2,156.2
19317,1,164.8
19318,2,147.4
19319,1,170.3
19320,2,156
19321,2,158.3
19322,1,181.5
19323,2,148.4
19324,1,174.2
19325,2,158.4
19326,2,152.3
19327,2,166.9
19328,1,170.7
19329,2,148.3
19330,2,147.3
19331,2,148.1
19332,1,165.2
19333,2,162.1
19334,1,177.4
19335,2,164
19336,2,161
19337,1,176.4
19338,2,158.5
19339,1,177.8
19340,2,154.1
19341,2,164.3
19342,1,167.8
19343,1,166.9
19344,2,156.8
19345,1,172.2
19346,2,160.1
19347,2,161.1
19348,1,167.9
19349,2,155.3
19350,1,168.3
19351,2,157.5
19352,2,158.9
19353,2,162.4
19354,2,152.8
19355,1,166.5
19356,2,154.3
19357,2,153.9
19358,1,168.7
19359,2,159.9
19360,1,170.3
19361,2,159.2
19362,1,169.7
19363,2,159.8
19364,2,153.8
19365,2,154.7
19366,1,164.3
19367,2,155.6
19368,1,172.2
19369,2,158.9
19370,1,171
19371,2,161
19372,2,159.6
19373,2,151.7
19374,1,171.7
19375,2,150.9
19376,2,159.6
19377,2,163.7
19378,2,152.2
19379,2,160.4
19380,2,153.3
19381,1,173.8
19382,2,154.6
19383,2,158.4
19384,2,159.5
19385,1,181.2
19386,2,159.3
19387,1,172.5
19388,2,162.3
19389,2,163.7
19390,1,177.7
19391,2,154.6
19392,1,174.5
19393,2,175.1
19394,1,170.3
19395,2,155
19396,1,173.9
19397,2,162.7
19398,1,179.2
19399,2,167.1
19400,1,151.4
19401,1,160.1
19402,1,167.8
19403,2,155.9
19404,2,160.3
19405,1,183
19406,1,182.7
19407,1,183
19408,2,156.5
19409,2,148.1
19410,1,169.8
19411,2,159.7
19412,1,172.9
19413,1,159.1
19414,1,159
19415,1,176.9
19416,2,163.2
19417,1,178.8
19418,2,168.3
19419,1,165.6
19420,2,149.6
19421,2,156
19422,2,163.4
19423,2,157.3
19424,1,170.5
19425,1,170.8
19426,1,162.4
19427,2,160.6
19428,2,154.2
19429,1,158.2
19430,2,156.1
19431,2,154.7
19432,2,147.8
19433,2,159.6
19434,1,165.9
19435,2,148.3
19436,1,160.6
19437,2,162.3
19438,1,178.6
19439,1,169.5
19440,2,149.5
19441,2,158.8
19442,2,158.6
19443,2,149
19444,2,160.5
19445,2,159.5
19446,1,171.5
19447,2,149.2
19448,1,163
19449,2,158.3
19450,2,163.5
19451,2,162.3
19452,1,182.5
19453,2,165.7
19454,2,157.1
19455,2,158.3
19456,1,170
19457,1,164
19458,2,158
19459,1,174.5
19460,2,155.6
19461,1,175.3
19462,2,153.3
19463,2,163.8
19464,2,155.4
19465,2,150.1
19466,1,160.6
19467,1,162.5
19468,2,159
19469,1,165.3
19470,2,156
19471,1,175.4
19472,2,157
19473,1,173.6
19474,2,153.9
19475,2,150.9
19476,1,172.8
19477,2,155.6
19478,1,179.2
19479,1,174.2
19480,1,178.2
19481,2,153.6
19482,1,169.2
19483,2,158.3
19484,2,156.4
19485,1,164.4
19486,2,152.1
19487,1,167.4
19488,1,178.5
19489,2,163.2
19490,2,155.1
19491,1,165.6
19492,1,175.6
19493,1,183
19494,1,171.3
19495,1,170
19496,1,166.1
19497,2,163
19498,1,175.4
19499,2,151.5
19500,2,141.4
19501,1,168.7
19502,2,154.4
19503,1,174.3
19504,2,157.7
19505,2,161.2
19506,2,149.1
19507,2,151.1
19508,2,155.3
19509,2,163.8
19510,1,180.4
19511,2,155.2
19512,1,173.6
19513,2,153
19514,1,152.4
19515,2,152.3
19516,1,166.4
19517,1,174
19518,2,163.3
19519,1,164.5
19520,2,153.3
19521,1,183.7
19522,2,165.3
19523,2,150.9
19524,1,162.8
19525,2,144.6
19526,1,163.3
19527,2,156.1
19528,1,168.1
19529,2,157.5
19530,1,167.1
19531,2,150.7
19532,1,156.1
19533,1,170.1
19534,2,152.4
19535,1,174.4
19536,1,164.5
19537,1,163
19538,1,161.7
19539,2,164
19540,1,162.8
19541,1,162.7
19542,1,166.7
19543,2,145
19544,2,155.2
19545,1,168.4
19546,2,155.3
19547,2,166.3
19548,1,168.4
19549,2,155
19550,1,181.5
19551,2,159.1
19552,2,167.9
19553,1,176.7
19554,2,162.9
19555,1,176.6
19556,2,158.6
19557,1,164.3
19558,2,161.5
19559,2,151
19560,2,157.9
19561,2,165.4
19562,1,167
19563,2,153.1
19564,2,155
19565,2,153.3
19566,2,155
19567,2,164
19568,1,159.9
19569,2,157
19570,2,161.1
19571,2,153.4
19572,1,170.4
19573,2,151.1
19574,2,152.5
19575,2,163.8
19576,2,160.3
19577,2,156.9
19578,1,171.6
19579,2,156.6
19580,2,152.7
19581,1,177.6
19582,2,157
19583,1,177.4
19584,2,159.4
19585,1,166.1
19586,2,157.7
19587,1,172.6
19588,1,174.5
19589,2,157
19590,2,153.3
19591,1,163.7
19592,2,167
19593,1,174.1
19594,2,158.4
19595,1,176.8
19596,2,164.2
19597,1,173
19598,2,169.1
19599,2,163.9
19600,2,164.9
19601,2,155.8
19602,2,167.3
19603,1,179.7
19604,2,154.4
19605,1,169.6
19606,2,153.3
19607,1,167.9
19608,2,160
19609,1,165.5
19610,2,162.6
19611,1,169
19612,2,167.5
19613,1,155.9
19614,2,152.3
19615,2,159.9
19616,1,180.6
19617,2,157.5
19618,1,162
19619,2,153.9
19620,2,167.4
19621,1,170.9
19622,2,163.1
19623,1,182.3
19624,2,152.6
19625,2,159.9
19626,1,177.4
19627,1,172.5
19628,2,154.3
19629,2,159.2
19630,1,158.9
19631,2,157
19632,1,164.2
19633,2,158.4
19634,1,180.7
19635,2,154.5
19636,1,165.9
19637,1,165
19638,2,156.5
19639,2,166.5
19640,1,160
19641,2,160
19642,2,165.5
19643,2,155.8
19644,1,180.1
19645,2,148.3
19646,1,166.5
19647,1,168.3
19648,1,174.7
19649,2,147.4
19650,2,162.7
19651,2,161.4
19652,1,171.9
19653,2,148.8
19654,2,150.2
19655,2,153.6
19656,2,160.1
19657,1,175.1
19658,1,173.4
19659,2,158.3
19660,1,165
19661,2,140.7
19662,1,161
19663,1,163.2
19664,2,159
19665,2,150.9
19666,2,130.5
19667,2,153.4
19668,1,159.8
19669,2,146.8
19670,2,159.4
19671,2,161.8
19672,2,150.4
19673,1,177.8
19674,2,155.6
19675,2,167.2
19676,1,160.9
19677,2,147.6
19678,1,166.7
19679,2,158.9
19680,1,165.2
19681,2,157.7
19682,1,169.5
19683,1,174.2
19684,2,165.5
19685,1,169.5
19686,2,159.4
19687,1,179.2
19688,2,158.6
19689,2,153.9
19690,1,175.5
19691,2,168
19692,1,171.4
19693,2,158.6
19694,1,166.9
19695,2,150.5
19696,1,167.8
19697,2,163.2
19698,2,148.8
19699,1,175.1
19700,1,179.1
19701,2,157.5
19702,2,159.4
19703,1,176.9
19704,2,147
19705,1,161.1
19706,2,150.5
19707,2,155.8
19708,1,169.5
19709,2,152.5
19710,2,162.8
19711,1,157
19712,2,152.6
19713,1,169.1
19714,2,163.6
19715,2,156.6
19716,2,149.7
19717,1,162.9
19718,1,168.3
19719,2,152.3
19720,1,172.8
19721,2,161.6
19722,1,171.7
19723,2,154.8
19724,1,169.7
19725,1,185.6
19726,2,160.7
19727,2,155.1
19728,1,175.1
19729,2,159.1
19730,2,152.5
19731,2,148.9
19732,2,162.1
19733,2,155
19734,1,165.2
19735,2,163.6
19736,1,163.8
19737,2,150
19738,1,171
19739,2,161.1
19740,2,155.6
19741,1,174.6
19742,2,153
19743,2,151.7
19744,2,154.7
19745,2,162.8
19746,1,173.6
19747,2,163.1
19748,1,182.1
19749,2,165.3
19750,2,169.2
19751,1,167
19752,2,152
19753,2,152
19754,1,168.7
19755,2,150.1
19756,1,175.5
19757,1,159.5
19758,2,157.8
19759,2,155.6
19760,2,150.9
19761,1,165
19762,2,153.5
19763,1,172.8
19764,2,153.4
19765,2,154.8
19766,2,150
19767,2,151.9
19768,2,164.2
19769,1,168.7
19770,2,159.9
19771,1,169.8
19772,2,159.2
19773,2,144.3
19774,1,168.7
19775,2,161.7
19776,1,168.1
19777,2,161.1
19778,2,150.1
19779,2,144.2
19780,1,173.9
19781,1,165.6
19782,2,153.6
19783,2,146.7
19784,1,175
19785,2,160.1
19786,1,165.7
19787,2,154.2
19788,1,172.7
19789,2,147.9
19790,1,164.1
19791,1,166.5
19792,2,156.9
19793,1,172.4
19794,2,150.9
19795,2,162
19796,1,171.2
19797,2,163.1
19798,1,178
19799,2,171.2
19800,1,177.2
19801,2,167
19802,1,165.7
19803,2,163.1
19804,2,157
19805,2,166.2
19806,2,158
19807,2,161.1
19808,1,177
19809,2,173.5
19810,2,154.1
19811,2,158.3
19812,1,167.8
19813,1,174.2
19814,2,158.6
19815,1,164.9
19816,2,147.6
19817,2,153.6
19818,2,150.5
19819,1,163.6
19820,1,170
19821,2,151.6
19822,1,172.9
19823,1,159.3
19824,2,152.8
19825,1,161.2
19826,2,157.2
19827,1,176.8
19828,2,155.6
19829,1,173.2
19830,2,148.9
19831,2,171.4
19832,1,171.9
19833,2,157.6
19834,2,148.8
19835,1,173.4
19836,2,160.7
19837,1,165.5
19838,2,150.8
19839,1,164.9
19840,2,162.7
19841,1,170.7
19842,2,162.3
19843,2,148.7
19844,1,168.2
19845,2,155.8
19846,2,157.7
19847,1,174.6
19848,2,148.1
19849,2,156.5
19850,2,161.8
19851,1,171.6
19852,2,159.1
19853,1,173.3
19854,2,157.3
19855,1,160.5
19856,2,152.6
19857,2,155.1
19858,1,173.6
19859,2,157.5
19860,1,165.7
19861,2,153.7
19862,1,174
19863,2,164.4
19864,1,166.6
19865,2,158.3
19866,1,171.7
19867,2,153.7
19868,2,155
19869,2,160.4
19870,1,175.2
19871,2,161.4
19872,1,168.5
19873,2,161.8
19874,1,174.3
19875,2,153.1
19876,2,161.4
19877,2,168.2
19878,2,159.7
19879,1,162
19880,2,148
19881,2,166
19882,2,156.7
19883,1,165.5
19884,2,156.7
19885,1,162.9
19886,2,155.1
19887,1,175.4
19888,1,162.3
19889,2,156.3
19890,1,171.7
19891,1,182.7
19892,1,167.3
19893,2,154.7
19894,1,169
19895,2,160.9
19896,1,177.2
19897,2,154.4
19898,1,167.2
19899,2,158.3
19900,2,165.6
19901,1,181.2
19902,2,156.5
19903,2,161.2
19904,1,167
19905,2,154
19906,1,178.2
19907,2,159.5
19908,1,166.9
19909,2,153.1
19910,1,166.5
19911,2,150.5
19912,2,156.6
19913,1,169.4
19914,2,141.6
19915,2,160.2
19916,1,161.6
19917,2,149
19918,2,151.9
19919,2,162.2
19920,2,163.9
19921,1,164.3
19922,2,160.8
19923,1,172.6
19924,2,160
19925,1,168.9
19926,2,153.5
19927,2,155.2
19928,2,158
19929,1,168.2
19930,1,167.7
19931,2,164.7
19932,1,160.8
19933,2,159
19934,1,167.6
19935,1,179.2
19936,2,158
19937,1,167.2
19938,2,165.7
19939,2,151.4
19940,1,170.7
19941,2,158.4
19942,2,155.1
19943,1,169.1
19944,2,146.2
19945,2,156.3
19946,1,157.6
19947,2,157.7
19948,1,176.8
19949,2,159
19950,1,169
19951,2,162
19952,1,175.5
19953,2,167.7
19954,2,156.7
19955,1,166.4
19956,2,150.8
19957,1,159.9
19958,2,151.9
19959,1,170.8
19960,1,166
19961,2,158.7
19962,2,168.5
19963,2,160.4
19964,1,169.8
19965,2,159
19966,1,179.3
19967,2,160.5
19968,2,161.6
19969,2,160.5
19970,1,174.1
19971,2,162
19972,2,151.5
19973,2,170.7
19974,1,166.7
19975,2,162.3
19976,1,174
19977,2,152.5
19978,1,165.9
19979,2,156.2
19980,1,174.8
19981,2,159.7
19982,2,162
19983,2,164.5
19984,1,170.5
19985,2,162.2
19986,1,183
19987,2,160.5
19988,1,163.6
19989,2,162.7
19990,1,171.2
19991,2,160.5
19992,1,163.8
19993,2,145.8
19994,1,170.9
19995,2,156.7
19996,2,151.7
19997,2,151.5
19998,1,157.1
19999,1,163.3
20000,2,149.7
20001,2,155.7
20002,2,161.8
20003,1,169.8
20004,2,155.1
20005,1,158.3
20006,2,162.9
20007,1,179
20008,1,165.6
20009,2,154.2
20010,1,162.2
20011,2,158
20012,1,176.4
20013,2,167.8
20014,2,156.3
20015,1,167.7
20016,2,157.4
20017,2,155.4
20018,2,148.3
20019,1,170.1
20020,2,160.3
20021,1,169
20022,2,152.2
20023,2,165.2
20024,1,169.3
20025,1,168.3
20026,2,158
20027,2,159.2
20028,1,171.7
20029,2,151.8
20030,1,169.5
20031,2,157.6
20032,1,169.5
20033,1,169.6
20034,2,160.5
20035,2,161
20036,2,159.2
20037,1,153.8
20038,2,161.7
20039,1,174.1
20040,2,157.5
20041,1,161.5
20042,2,155.7
20043,1,180.5
20044,2,162.2
20045,1,179.2
20046,1,165.1
20047,2,150.9
20048,1,170
20049,2,158.3
20050,2,163
20051,2,155
20052,2,158.1
20053,1,181.2
20054,1,172.6
20055,2,162.5
20056,2,153.8
20057,1,174.2
20058,2,157.6
20059,1,172.8
20060,2,148.5
20061,1,170.3
20062,2,153.7
20063,1,173.6
20064,1,180.4
20065,1,175.7
20066,2,147.5
20067,1,165.8
20068,2,159.6
20069,1,173.1
20070,1,168
20071,2,150
20072,2,159.1
20073,1,171.7
20074,1,169.6
20075,2,155.3
20076,2,151.5
20077,1,164.5
20078,1,168.5
20079,2,150.2
20080,1,166.6
20081,2,154.4
20082,1,171.5
20083,2,153.2
20084,2,145.6
20085,2,164.5
20086,1,170.6
20087,2,149.6
20088,2,149
20089,2,153
20090,2,158.2
20091,2,151.9
20092,1,162.9
20093,2,155.7
20094,1,168.3
20095,2,161.6
20096,1,169.9
20097,2,148.4
20098,1,174.6
20099,1,157.7
20100,2,159.7
20101,1,171.6
20102,1,156.3
20103,2,158.8
20104,2,156.9
20105,1,172.8
20106,2,162.4
20107,2,161.9
20108,2,166.5
20109,1,165.7
20110,2,159
20111,2,167.7
20112,1,164.7
20113,2,167
20114,1,178.1
20115,1,175.8
20116,1,169.5
20117,2,159.5
20118,1,161.6
20119,2,156.1
20120,1,158.7
20121,2,154
20122,1,167.5
20123,1,163.5
20124,2,157.3
20125,1,175.9
20126,1,175.6
20127,2,158
20128,2,151.5
